ctime,schemaname,relname,seq_scan,seq_tup_read,idx_scan,idx_tup_fetch,n_tup_ins,n_tup_upd,n_tup_del,n_tup_hot_upd,n_live_tup,n_dead_tup,heap_blks_read,heap_blks_hit,idx_blks_read,idx_blks_hit,toast_blks_read,toast_blks_hit,tidx_blks_read,tidx_blks_hit
1415066648.93698,pg_catalog,pg_attrdef,0,0,0,0,0,0,0,0,0,0,0,0,0,0,0,0,0,0
1415066648.93698,pg_catalog,pg_db_role_setting,0,0,42268,0,0,0,0,0,0,0,0,0,1000,41268,0,0,0,0
1415066648.93698,pg_catalog,pg_rowsecurity,0,0,0,0,0,0,0,0,0,0,0,0,0,0,,,,
1415066648.93698,pg_catalog,pg_description,0,0,995,0,0,0,0,0,0,0,0,0,298,1916,0,0,0,0
1415066648.93698,pg_catalog,pg_foreign_data_wrapper,0,0,0,0,0,0,0,0,0,0,0,0,0,0,,,,
1415066648.93698,pg_catalog,pg_conversion,0,0,0,0,0,0,0,0,0,0,0,0,0,0,,,,
1415066648.93698,information_schema,sql_features,0,0,,,0,0,0,0,0,0,0,0,,,0,0,0,0
1415066648.93698,pg_catalog,pg_class,7090,1894557,337215,319416,434,132,396,127,337,88,8188,382275,8745,691196,,,,
1415066648.93698,pg_catalog,pg_opfamily,0,0,0,0,0,0,0,0,0,0,0,0,0,0,,,,
1415066648.93698,pg_catalog,pg_auth_members,0,0,0,0,0,0,0,0,0,0,0,0,0,0,,,,
1415066648.93698,pg_catalog,pg_operator,0,0,61359,282928,0,0,0,0,0,0,9604,190364,6608,130090,,,,
1415066648.93698,information_schema,sql_packages,0,0,,,0,0,0,0,0,0,0,0,,,0,0,0,0
1415066648.93698,pg_catalog,pg_attribute,814,5550,235674,473293,1738,60,1560,37,2514,361,11757,255847,5480,484863,,,,
1415066648.93698,pg_catalog,pg_tablespace,2,4,7274,7274,0,0,0,0,0,0,831,6445,1677,12905,,,,
1415066648.93698,pg_catalog,pg_statistic,0,0,50624,46053,428,939,362,619,467,51,6202,43172,2743,107462,5214,21020,589,30571
1415066648.93698,pg_catalog,pg_aggregate,0,0,4104,4104,0,0,0,0,0,0,851,3253,1736,5544,,,,
1415066648.93698,pg_catalog,pg_inherits,0,0,224,0,0,0,0,0,0,0,0,0,102,122,,,,
1415066648.93698,information_schema,sql_sizing,0,0,,,0,0,0,0,0,0,0,0,,,0,0,0,0
1415066648.93698,pg_catalog,pg_enum,0,0,0,0,0,0,0,0,0,0,0,0,0,0,,,,
1415066648.93698,pg_toast,pg_toast_2396,0,0,0,0,0,0,0,0,0,0,0,0,0,0,,,,
1415066648.93698,pg_catalog,pg_pltemplate,0,0,0,0,0,0,0,0,0,0,0,0,0,0,,,,
1415066648.93698,pg_toast,pg_toast_2618,0,0,3146,10060,0,0,0,0,0,0,1253,2551,438,4610,,,,
1415066648.93698,public,partsupp,7,40000000,56372,2356668,8000000,0,0,0,8000000,0,846238,3065896,38679,137141,,,,
1415066648.93698,pg_toast,pg_toast_3596,0,0,0,0,0,0,0,0,0,0,0,0,0,0,,,,
1415066648.93698,pg_toast,pg_toast_11747,0,0,0,0,0,0,0,0,0,0,0,0,0,0,,,,
1415066648.93698,pg_toast,pg_toast_11727,0,0,0,0,0,0,0,0,0,0,0,0,0,0,,,,
1415066648.93698,pg_toast,pg_toast_2606,0,0,0,0,0,0,0,0,0,0,0,0,0,0,,,,
1415066648.93698,public,supplier,11,700000,3313781,3337625,100000,0,0,0,100000,0,10875,3335061,644,6645228,,,,
1415066648.93698,pg_toast,pg_toast_2964,0,0,0,0,0,0,0,0,0,0,0,0,0,0,,,,
1415066648.93698,pg_catalog,pg_database,1885,7408,38232,38230,1,0,0,0,1,0,684,39432,4204,55142,,,,
1415066648.93698,information_schema,sql_parts,0,0,,,0,0,0,0,0,0,0,0,,,0,0,0,0
1415066648.93698,pg_toast,pg_toast_2620,0,0,0,0,0,0,0,0,0,0,0,0,0,0,,,,
1415066648.93698,pg_toast,pg_toast_11737,0,0,0,0,0,0,0,0,0,0,0,0,0,0,,,,
1415066648.93698,pg_catalog,pg_depend,0,0,9583,10274,1790,0,1700,0,6685,329,1427,11527,2362,25087,,,,
1415066648.93698,public,time_statistics,26,400,,,30,26,0,26,30,26,4,79,,,,,,
1415066648.93698,pg_catalog,pg_language,0,0,0,0,0,0,0,0,0,0,0,0,0,0,,,,
1415066648.93698,information_schema,sql_implementation_info,0,0,,,0,0,0,0,0,0,0,0,,,0,0,0,0
1415066648.93698,public,customer,14,15000000,81,1472224,1500000,0,0,0,1500000,0,196765,703936,4442,234,,,,
1415066648.93698,public,nation,25,325,26239,26263,25,0,0,0,25,0,6,26248,14,26244,,,,
1415066648.93698,public,region,6548,32715,16,16,5,0,0,0,5,0,4,6557,8,14,,,,
1415066648.93698,pg_catalog,pg_amproc,148,296,37840,58953,0,0,0,0,0,0,1111,36453,3003,82628,,,,
1415066648.93698,pg_catalog,pg_collation,0,0,0,0,0,0,0,0,0,0,0,0,0,0,,,,
1415066648.93698,pg_catalog,pg_range,0,0,1631,0,0,0,0,0,0,0,0,0,1502,1760,,,,
1415066648.93698,pg_toast,pg_toast_2609,0,0,0,0,0,0,0,0,0,0,0,0,0,0,,,,
1415066648.93698,pg_catalog,pg_opclass,148,148,49897,570247,0,0,0,0,0,0,2344,221165,3415,60845,,,,
1415066648.93698,pg_toast,pg_toast_11752,0,0,0,0,0,0,0,0,0,0,0,0,0,0,,,,
1415066648.93698,pg_catalog,pg_rewrite,0,0,5086,4738,116,0,116,0,110,40,1530,3956,744,7954,1253,2551,876,9220
1415066648.93698,pg_toast,pg_toast_1255,0,0,0,0,0,0,0,0,0,0,0,0,0,0,,,,
1415066648.93698,pg_catalog,pg_seclabel,0,0,995,0,0,0,0,0,0,0,0,0,98,897,0,0,0,0
1415066648.93698,information_schema,sql_languages,0,0,,,0,0,0,0,0,0,0,0,,,0,0,0,0
1415066648.93698,pg_catalog,pg_ts_parser,0,0,0,0,0,0,0,0,0,0,0,0,0,0,,,,
1415066648.93698,pg_catalog,pg_trigger,0,0,0,0,0,0,0,0,0,0,0,0,0,0,0,0,0,0
1415066648.93698,pg_catalog,pg_shseclabel,0,0,0,0,0,0,0,0,0,0,0,0,0,0,,,,
1415066648.93698,pg_catalog,pg_event_trigger,0,0,462,0,0,0,0,0,0,0,0,0,101,361,,,,
1415066648.93698,pg_toast,pg_toast_11742,0,0,0,0,0,0,0,0,0,0,0,0,0,0,,,,
1415066648.93698,pg_catalog,pg_foreign_table,0,0,0,0,0,0,0,0,0,0,0,0,0,0,,,,
1415066648.93698,information_schema,sql_sizing_profiles,0,0,,,0,0,0,0,0,0,0,0,,,0,0,0,0
1415066648.93698,pg_catalog,pg_extension,0,0,0,0,0,0,0,0,0,0,0,0,0,0,,,,
1415066648.93698,pg_catalog,pg_ts_config,0,0,0,0,0,0,0,0,0,0,0,0,0,0,,,,
1415066648.93698,pg_catalog,pg_shdescription,0,0,0,0,0,0,0,0,0,0,0,0,0,0,0,0,0,0
1415066648.93698,pg_catalog,pg_cast,0,0,265692,68346,0,0,0,0,0,0,1464,66882,1605,273160,,,,
1415066648.93698,pg_catalog,pg_amop,0,0,77319,109038,0,0,0,0,0,0,3020,106018,5102,161533,,,,
1415066648.93698,public,part,10,16000000,78,4345040,2000000,0,0,0,2000000,0,222894,410328,13234,752,,,,
1415066648.93698,pg_catalog,pg_user_mapping,0,0,0,0,0,0,0,0,0,0,0,0,0,0,,,,
1415066648.93698,public,orders,17,165105000,5153281,8579791,15015000,0,15000,0,15000000,15000,2114752,7601868,94544,15538459,,,,
1415066648.93698,pg_catalog,pg_type,0,0,206868,205184,462,0,443,0,360,81,3759,203415,4547,422424,,,,
1415066648.93698,pg_catalog,pg_largeobject,0,0,0,0,0,0,0,0,0,0,0,0,0,0,,,,
1415066648.93698,pg_catalog,pg_ts_config_map,0,0,0,0,0,0,0,0,0,0,0,0,0,0,,,,
1415066648.93698,pg_catalog,pg_largeobject_metadata,0,0,0,0,0,0,0,0,0,0,0,0,0,0,,,,
1415066648.93698,pg_catalog,pg_am,10151,10151,0,0,0,0,0,0,0,0,945,9206,0,0,,,,
1415066648.93698,pg_toast,pg_toast_11722,0,0,0,0,0,0,0,0,0,0,0,0,0,0,,,,
1415066648.93698,pg_catalog,pg_ts_template,0,0,0,0,0,0,0,0,0,0,0,0,0,0,,,,
1415066648.93698,pg_catalog,pg_foreign_server,0,0,0,0,0,0,0,0,0,0,0,0,0,0,,,,
1415066648.93698,pg_catalog,pg_namespace,1590,16602,70771,61452,12,0,0,0,12,0,829,62244,2134,79563,,,,
1415066648.93698,pg_toast,pg_toast_2619,0,0,15874,52542,1120,0,869,0,261,12,5214,21020,589,30571,,,,
1415066648.93698,pg_catalog,pg_authid,666,666,18731,18731,0,0,0,0,0,0,808,18589,3264,34198,,,,
1415066648.93698,pg_catalog,pg_default_acl,0,0,936,0,0,0,0,0,0,0,0,0,97,839,,,,
1415066648.93698,pg_catalog,pg_shdepend,0,0,1243,247,0,0,0,0,0,0,101,146,402,1301,,,,
1415066648.93698,pg_catalog,pg_constraint,0,0,88,40,48,0,40,0,10,40,26,249,48,464,0,0,0,0
1415066648.93698,pg_catalog,pg_index,3629,441285,91788,130387,200,0,172,0,143,1,3745,118900,3573,104823,,,,
1415066648.93698,pg_catalog,pg_ts_dict,0,0,0,0,0,0,0,0,0,0,0,0,0,0,,,,
1415066648.93698,pg_toast,pg_toast_2604,0,0,0,0,0,0,0,0,0,0,0,0,0,0,,,,
1415066648.93698,public,lineitem,18,840102813,4184716,96060127,60045669,0,60340,0,59985171,60340,18435978,25260660,1115125,17359749,,,,
1415066648.93698,pg_toast,pg_toast_11732,0,0,0,0,0,0,0,0,0,0,0,0,0,0,,,,
1415066648.93698,pg_catalog,pg_proc,0,0,97980,143841,0,0,0,0,0,0,11957,100607,9595,204135,0,0,0,0
1415066708.94212,pg_catalog,pg_attrdef,0,0,0,0,0,0,0,0,0,0,0,0,0,0,0,0,0,0
1415066708.94212,pg_catalog,pg_db_role_setting,0,0,42656,0,0,0,0,0,0,0,0,0,1001,41655,0,0,0,0
1415066708.94212,pg_catalog,pg_rowsecurity,0,0,0,0,0,0,0,0,0,0,0,0,0,0,,,,
1415066708.94212,pg_catalog,pg_description,0,0,1007,0,0,0,0,0,0,0,0,0,304,1937,0,0,0,0
1415066708.94212,pg_catalog,pg_foreign_data_wrapper,0,0,0,0,0,0,0,0,0,0,0,0,0,0,,,,
1415066708.94212,pg_catalog,pg_conversion,0,0,0,0,0,0,0,0,0,0,0,0,0,0,,,,
1415066708.94212,information_schema,sql_features,0,0,,,0,0,0,0,0,0,0,0,,,0,0,0,0
1415066708.94212,pg_catalog,pg_class,7101,1897944,339501,321506,438,134,400,129,337,93,8193,384505,8749,695964,,,,
1415066708.94212,pg_catalog,pg_opfamily,0,0,0,0,0,0,0,0,0,0,0,0,0,0,,,,
1415066708.94212,pg_catalog,pg_auth_members,0,0,0,0,0,0,0,0,0,0,0,0,0,0,,,,
1415066708.94212,pg_catalog,pg_operator,0,0,62284,286967,0,0,0,0,0,0,9612,193259,6609,132079,,,,
1415066708.94212,information_schema,sql_packages,0,0,,,0,0,0,0,0,0,0,0,,,0,0,0,0
1415066708.94212,pg_catalog,pg_attribute,814,5550,237668,477778,1750,60,1572,37,2514,372,11773,257970,5486,489004,,,,
1415066708.94212,pg_catalog,pg_tablespace,2,4,7342,7342,0,0,0,0,0,0,832,6512,1680,13040,,,,
1415066708.94212,pg_catalog,pg_statistic,0,0,51262,46680,429,969,363,649,467,82,6218,43820,2743,108807,5267,21710,589,31617
1415066708.94212,pg_catalog,pg_aggregate,0,0,4170,4170,0,0,0,0,0,0,851,3319,1736,5659,,,,
1415066708.94212,pg_catalog,pg_inherits,0,0,227,0,0,0,0,0,0,0,0,0,104,123,,,,
1415066708.94212,information_schema,sql_sizing,0,0,,,0,0,0,0,0,0,0,0,,,0,0,0,0
1415066708.94212,pg_catalog,pg_enum,0,0,0,0,0,0,0,0,0,0,0,0,0,0,,,,
1415066708.94212,pg_toast,pg_toast_2396,0,0,0,0,0,0,0,0,0,0,0,0,0,0,,,,
1415066708.94212,pg_catalog,pg_pltemplate,0,0,0,0,0,0,0,0,0,0,0,0,0,0,,,,
1415066708.94212,pg_toast,pg_toast_2618,0,0,3152,10078,0,0,0,0,0,0,1259,2552,440,4618,,,,
1415066708.94212,public,partsupp,12,48000000,56454,2356750,8000000,0,0,0,8000000,0,1017196,3065978,38691,137397,,,,
1415066708.94212,pg_toast,pg_toast_3596,0,0,0,0,0,0,0,0,0,0,0,0,0,0,,,,
1415066708.94212,pg_toast,pg_toast_11747,0,0,0,0,0,0,0,0,0,0,0,0,0,0,,,,
1415066708.94212,pg_toast,pg_toast_11727,0,0,0,0,0,0,0,0,0,0,0,0,0,0,,,,
1415066708.94212,pg_toast,pg_toast_2606,0,0,0,0,0,0,0,0,0,0,0,0,0,0,,,,
1415066708.94212,public,supplier,17,700000,3313863,3341840,100000,0,0,0,100000,0,12778,3335142,658,6645451,,,,
1415066708.94212,pg_toast,pg_toast_2964,0,0,0,0,0,0,0,0,0,0,0,0,0,0,,,,
1415066708.94212,pg_catalog,pg_database,1889,7418,38528,38526,1,0,0,0,1,0,684,39732,4208,55627,,,,
1415066708.94212,information_schema,sql_parts,0,0,,,0,0,0,0,0,0,0,0,,,0,0,0,0
1415066708.94212,pg_toast,pg_toast_2620,0,0,0,0,0,0,0,0,0,0,0,0,0,0,,,,
1415066708.94212,pg_toast,pg_toast_11737,0,0,0,0,0,0,0,0,0,0,0,0,0,0,,,,
1415066708.94212,pg_catalog,pg_depend,0,0,9700,10402,1812,0,1722,0,6685,351,1445,11667,2389,25388,,,,
1415066708.94212,public,time_statistics,36,784,,,44,36,0,36,44,36,4,113,,,,,,
1415066708.94212,pg_catalog,pg_language,0,0,0,0,0,0,0,0,0,0,0,0,0,0,,,,
1415066708.94212,information_schema,sql_implementation_info,0,0,,,0,0,0,0,0,0,0,0,,,0,0,0,0
1415066708.94212,public,customer,22,15000000,137,1472280,1500000,0,0,0,1500000,0,196767,703990,4452,472,,,,
1415066708.94212,public,nation,47,350,26323,26347,25,0,0,0,25,0,6,26333,14,26346,,,,
1415066708.94212,public,region,6556,32715,32,32,5,0,0,0,5,0,5,6572,10,34,,,,
1415066708.94212,pg_catalog,pg_amproc,148,296,38279,59654,0,0,0,0,0,0,1111,36887,3003,83590,,,,
1415066708.94212,pg_catalog,pg_collation,0,0,0,0,0,0,0,0,0,0,0,0,0,0,,,,
1415066708.94212,pg_catalog,pg_range,0,0,1643,0,0,0,0,0,0,0,0,0,1504,1782,,,,
1415066708.94212,pg_toast,pg_toast_2609,0,0,0,0,0,0,0,0,0,0,0,0,0,0,,,,
1415066708.94212,pg_catalog,pg_opclass,148,148,50585,578594,0,0,0,0,0,0,2344,224449,3415,61663,,,,
1415066708.94212,pg_toast,pg_toast_11752,0,0,0,0,0,0,0,0,0,0,0,0,0,0,,,,
1415066708.94212,pg_catalog,pg_rewrite,0,0,5107,4753,118,0,118,0,110,42,1539,3973,748,7986,1259,2552,880,9236
1415066708.94212,pg_toast,pg_toast_1255,0,0,0,0,0,0,0,0,0,0,0,0,0,0,,,,
1415066708.94212,pg_catalog,pg_seclabel,0,0,1007,0,0,0,0,0,0,0,0,0,100,907,0,0,0,0
1415066708.94212,information_schema,sql_languages,0,0,,,0,0,0,0,0,0,0,0,,,0,0,0,0
1415066708.94212,pg_catalog,pg_ts_parser,0,0,0,0,0,0,0,0,0,0,0,0,0,0,,,,
1415066708.94212,pg_catalog,pg_trigger,0,0,0,0,0,0,0,0,0,0,0,0,0,0,0,0,0,0
1415066708.94212,pg_catalog,pg_shseclabel,0,0,0,0,0,0,0,0,0,0,0,0,0,0,,,,
1415066708.94212,pg_catalog,pg_event_trigger,0,0,465,0,0,0,0,0,0,0,0,0,102,363,,,,
1415066708.94212,pg_toast,pg_toast_11742,0,0,0,0,0,0,0,0,0,0,0,0,0,0,,,,
1415066708.94212,pg_catalog,pg_foreign_table,0,0,0,0,0,0,0,0,0,0,0,0,0,0,,,,
1415066708.94212,information_schema,sql_sizing_profiles,0,0,,,0,0,0,0,0,0,0,0,,,0,0,0,0
1415066708.94212,pg_catalog,pg_extension,0,0,0,0,0,0,0,0,0,0,0,0,0,0,,,,
1415066708.94212,pg_catalog,pg_ts_config,0,0,0,0,0,0,0,0,0,0,0,0,0,0,,,,
1415066708.94212,pg_catalog,pg_shdescription,0,0,0,0,0,0,0,0,0,0,0,0,0,0,0,0,0,0
1415066708.94212,pg_catalog,pg_cast,0,0,269081,69201,0,0,0,0,0,0,1464,67737,1605,276630,,,,
1415066708.94212,pg_catalog,pg_amop,0,0,78405,110567,0,0,0,0,0,0,3021,107546,5104,163825,,,,
1415066708.94212,public,part,15,18000000,162,4671344,2000000,0,0,0,2000000,0,264995,455736,15625,3014,,,,
1415066708.94212,pg_catalog,pg_user_mapping,0,0,0,0,0,0,0,0,0,0,0,0,0,0,,,,
1415066708.94212,public,orders,30,180120000,6702252,10128762,15045000,0,30000,0,15015000,30000,2376841,9159137,141389,20418219,,,,
1415066708.94212,pg_catalog,pg_type,0,0,208878,207168,468,0,449,0,360,87,3771,205423,4551,426582,,,,
1415066708.94212,pg_catalog,pg_largeobject,0,0,0,0,0,0,0,0,0,0,0,0,0,0,,,,
1415066708.94212,pg_catalog,pg_ts_config_map,0,0,0,0,0,0,0,0,0,0,0,0,0,0,,,,
1415066708.94212,pg_catalog,pg_largeobject_metadata,0,0,0,0,0,0,0,0,0,0,0,0,0,0,,,,
1415066708.94212,pg_catalog,pg_am,10236,10236,0,0,0,0,0,0,0,0,945,9291,0,0,,,,
1415066708.94212,pg_toast,pg_toast_11722,0,0,0,0,0,0,0,0,0,0,0,0,0,0,,,,
1415066708.94212,pg_catalog,pg_ts_template,0,0,0,0,0,0,0,0,0,0,0,0,0,0,,,,
1415066708.94212,pg_catalog,pg_foreign_server,0,0,0,0,0,0,0,0,0,0,0,0,0,0,,,,
1415066708.94212,pg_catalog,pg_namespace,1592,16638,71144,61738,14,0,0,0,14,0,832,62534,2135,80028,,,,
1415066708.94212,pg_toast,pg_toast_2619,0,0,16358,54196,1124,0,873,0,261,16,5267,21710,589,31617,,,,
1415066708.94212,pg_catalog,pg_authid,669,669,18922,18922,0,0,0,0,0,0,809,18782,3268,34576,,,,
1415066708.94212,pg_catalog,pg_default_acl,0,0,948,0,0,0,0,0,0,0,0,0,98,850,,,,
1415066708.94212,pg_catalog,pg_shdepend,0,0,1260,252,0,0,0,0,0,0,102,150,408,1318,,,,
1415066708.94212,pg_catalog,pg_constraint,0,0,88,40,48,0,40,0,10,40,26,249,48,464,0,0,0,0
1415066708.94212,pg_catalog,pg_index,3634,442000,92969,132136,201,0,173,0,143,2,3748,120611,3573,106149,,,,
1415066708.94212,pg_catalog,pg_ts_dict,0,0,0,0,0,0,0,0,0,0,0,0,0,0,,,,
1415066708.94212,pg_toast,pg_toast_2604,0,0,0,0,0,0,0,0,0,0,0,0,0,0,,,,
1415066708.94212,public,lineitem,27,900148416,5666950,145783407,60165770,0,120391,0,60045221,120391,20443775,28527647,1624978,25763206,,,,
1415066708.94212,pg_toast,pg_toast_11732,0,0,0,0,0,0,0,0,0,0,0,0,0,0,,,,
1415066708.94212,pg_catalog,pg_proc,0,0,98857,145209,0,0,0,0,0,0,11980,101525,9604,206043,0,0,0,0
1415066768.94658,pg_catalog,pg_attrdef,0,0,0,0,0,0,0,0,0,0,0,0,0,0,0,0,0,0
1415066768.94658,pg_catalog,pg_db_role_setting,0,0,42716,0,0,0,0,0,0,0,0,0,1001,41715,0,0,0,0
1415066768.94658,pg_catalog,pg_rowsecurity,0,0,0,0,0,0,0,0,0,0,0,0,0,0,,,,
1415066768.94658,pg_catalog,pg_description,0,0,1011,0,0,0,0,0,0,0,0,0,307,1943,0,0,0,0
1415066768.94658,pg_catalog,pg_foreign_data_wrapper,0,0,0,0,0,0,0,0,0,0,0,0,0,0,,,,
1415066768.94658,pg_catalog,pg_conversion,0,0,0,0,0,0,0,0,0,0,0,0,0,0,,,,
1415066768.94658,information_schema,sql_features,0,0,,,0,0,0,0,0,0,0,0,,,0,0,0,0
1415066768.94658,pg_catalog,pg_class,7110,1900657,339998,321982,440,134,402,129,337,95,8199,385084,8756,696993,,,,
1415066768.94658,pg_catalog,pg_opfamily,0,0,0,0,0,0,0,0,0,0,0,0,0,0,,,,
1415066768.94658,pg_catalog,pg_auth_members,0,0,0,0,0,0,0,0,0,0,0,0,0,0,,,,
1415066768.94658,pg_catalog,pg_operator,0,0,62354,287419,0,0,0,0,0,0,9612,193559,6610,132237,,,,
1415066768.94658,information_schema,sql_packages,0,0,,,0,0,0,0,0,0,0,0,,,0,0,0,0
1415066768.94658,pg_catalog,pg_attribute,814,5550,237982,478386,1758,60,1580,37,2514,380,11791,258300,5492,489672,,,,
1415066768.94658,pg_catalog,pg_tablespace,2,4,7354,7354,0,0,0,0,0,0,832,6524,1680,13064,,,,
1415066768.94658,pg_catalog,pg_statistic,0,0,51321,46734,430,969,364,649,467,83,6224,43873,2744,108936,5293,21749,589,31696
1415066768.94658,pg_catalog,pg_aggregate,0,0,4173,4173,0,0,0,0,0,0,851,3322,1736,5665,,,,
1415066768.94658,pg_catalog,pg_inherits,0,0,228,0,0,0,0,0,0,0,0,0,105,123,,,,
1415066768.94658,information_schema,sql_sizing,0,0,,,0,0,0,0,0,0,0,0,,,0,0,0,0
1415066768.94658,pg_catalog,pg_enum,0,0,0,0,0,0,0,0,0,0,0,0,0,0,,,,
1415066768.94658,pg_toast,pg_toast_2396,0,0,0,0,0,0,0,0,0,0,0,0,0,0,,,,
1415066768.94658,pg_catalog,pg_pltemplate,0,0,0,0,0,0,0,0,0,0,0,0,0,0,,,,
1415066768.94658,pg_toast,pg_toast_2618,0,0,3156,10092,0,0,0,0,0,0,1263,2553,440,4624,,,,
1415066768.94658,public,partsupp,12,48000000,56454,2356750,8000000,0,0,0,8000000,0,1017196,3065978,38691,137397,,,,
1415066768.94658,pg_toast,pg_toast_3596,0,0,0,0,0,0,0,0,0,0,0,0,0,0,,,,
1415066768.94658,pg_toast,pg_toast_11747,0,0,0,0,0,0,0,0,0,0,0,0,0,0,,,,
1415066768.94658,pg_toast,pg_toast_11727,0,0,0,0,0,0,0,0,0,0,0,0,0,0,,,,
1415066768.94658,pg_toast,pg_toast_2606,0,0,0,0,0,0,0,0,0,0,0,0,0,0,,,,
1415066768.94658,public,supplier,17,700000,3313863,3341840,100000,0,0,0,100000,0,12778,3335142,658,6645451,,,,
1415066768.94658,pg_toast,pg_toast_2964,0,0,0,0,0,0,0,0,0,0,0,0,0,0,,,,
1415066768.94658,pg_catalog,pg_database,1892,7430,38580,38578,1,0,0,0,1,0,684,39787,4208,55709,,,,
1415066768.94658,information_schema,sql_parts,0,0,,,0,0,0,0,0,0,0,0,,,0,0,0,0
1415066768.94658,pg_toast,pg_toast_2620,0,0,0,0,0,0,0,0,0,0,0,0,0,0,,,,
1415066768.94658,pg_toast,pg_toast_11737,0,0,0,0,0,0,0,0,0,0,0,0,0,0,,,,
1415066768.94658,pg_catalog,pg_depend,0,0,9731,10426,1816,0,1726,0,6685,355,1454,11695,2401,25456,,,,
1415066768.94658,public,time_statistics,40,965,,,46,40,0,40,46,40,4,123,,,,,,
1415066768.94658,pg_catalog,pg_language,0,0,0,0,0,0,0,0,0,0,0,0,0,0,,,,
1415066768.94658,information_schema,sql_implementation_info,0,0,,,0,0,0,0,0,0,0,0,,,0,0,0,0
1415066768.94658,public,customer,23,16500000,146,1772564,1500000,0,0,0,1500000,0,232045,739275,5616,496,,,,
1415066768.94658,public,nation,48,375,26325,26349,25,0,0,0,25,0,7,26335,16,26347,,,,
1415066768.94658,public,region,6556,32715,32,32,5,0,0,0,5,0,5,6572,10,34,,,,
1415066768.94658,pg_catalog,pg_amproc,148,296,38327,59728,0,0,0,0,0,0,1112,36933,3006,83696,,,,
1415066768.94658,pg_catalog,pg_collation,0,0,0,0,0,0,0,0,0,0,0,0,0,0,,,,
1415066768.94658,pg_catalog,pg_range,0,0,1647,0,0,0,0,0,0,0,0,0,1504,1790,,,,
1415066768.94658,pg_toast,pg_toast_2609,0,0,0,0,0,0,0,0,0,0,0,0,0,0,,,,
1415066768.94658,pg_catalog,pg_opclass,148,148,50655,579484,0,0,0,0,0,0,2345,224790,3417,61749,,,,
1415066768.94658,pg_toast,pg_toast_11752,0,0,0,0,0,0,0,0,0,0,0,0,0,0,,,,
1415066768.94658,pg_catalog,pg_rewrite,0,0,5112,4758,118,0,118,0,110,42,1543,3974,748,7994,1263,2553,880,9248
1415066768.94658,pg_toast,pg_toast_1255,0,0,0,0,0,0,0,0,0,0,0,0,0,0,,,,
1415066768.94658,pg_catalog,pg_seclabel,0,0,1011,0,0,0,0,0,0,0,0,0,101,910,0,0,0,0
1415066768.94658,information_schema,sql_languages,0,0,,,0,0,0,0,0,0,0,0,,,0,0,0,0
1415066768.94658,pg_catalog,pg_ts_parser,0,0,0,0,0,0,0,0,0,0,0,0,0,0,,,,
1415066768.94658,pg_catalog,pg_trigger,0,0,0,0,0,0,0,0,0,0,0,0,0,0,0,0,0,0
1415066768.94658,pg_catalog,pg_shseclabel,0,0,0,0,0,0,0,0,0,0,0,0,0,0,,,,
1415066768.94658,pg_catalog,pg_event_trigger,0,0,466,0,0,0,0,0,0,0,0,0,103,363,,,,
1415066768.94658,pg_toast,pg_toast_11742,0,0,0,0,0,0,0,0,0,0,0,0,0,0,,,,
1415066768.94658,pg_catalog,pg_foreign_table,0,0,0,0,0,0,0,0,0,0,0,0,0,0,,,,
1415066768.94658,information_schema,sql_sizing_profiles,0,0,,,0,0,0,0,0,0,0,0,,,0,0,0,0
1415066768.94658,pg_catalog,pg_extension,0,0,0,0,0,0,0,0,0,0,0,0,0,0,,,,
1415066768.94658,pg_catalog,pg_ts_config,0,0,0,0,0,0,0,0,0,0,0,0,0,0,,,,
1415066768.94658,pg_catalog,pg_shdescription,0,0,0,0,0,0,0,0,0,0,0,0,0,0,0,0,0,0
1415066768.94658,pg_catalog,pg_cast,0,0,269524,69297,0,0,0,0,0,0,1464,67833,1605,277085,,,,
1415066768.94658,pg_catalog,pg_amop,0,0,78497,110704,0,0,0,0,0,0,3021,107683,5104,164023,,,,
1415066768.94658,public,part,15,18000000,162,4671344,2000000,0,0,0,2000000,0,264995,455736,15625,3014,,,,
1415066768.94658,pg_catalog,pg_user_mapping,0,0,0,0,0,0,0,0,0,0,0,0,0,0,,,,
1415066768.94658,public,orders,32,210150000,6702257,10697463,15045000,0,45000,0,15000000,45000,2460911,9825800,142886,20418298,,,,
1415066768.94658,pg_catalog,pg_type,0,0,209228,207514,470,0,451,0,360,89,3774,205773,4553,427303,,,,
1415066768.94658,pg_catalog,pg_largeobject,0,0,0,0,0,0,0,0,0,0,0,0,0,0,,,,
1415066768.94658,pg_catalog,pg_ts_config_map,0,0,0,0,0,0,0,0,0,0,0,0,0,0,,,,
1415066768.94658,pg_catalog,pg_largeobject_metadata,0,0,0,0,0,0,0,0,0,0,0,0,0,0,,,,
1415066768.94658,pg_catalog,pg_am,10250,10250,0,0,0,0,0,0,0,0,946,9304,0,0,,,,
1415066768.94658,pg_toast,pg_toast_11722,0,0,0,0,0,0,0,0,0,0,0,0,0,0,,,,
1415066768.94658,pg_catalog,pg_ts_template,0,0,0,0,0,0,0,0,0,0,0,0,0,0,,,,
1415066768.94658,pg_catalog,pg_foreign_server,0,0,0,0,0,0,0,0,0,0,0,0,0,0,,,,
1415066768.94658,pg_catalog,pg_namespace,1594,16678,71324,61906,14,0,0,0,14,0,832,62704,2137,80220,,,,
1415066768.94658,pg_toast,pg_toast_2619,0,0,16392,54316,1126,0,875,0,261,18,5293,21749,589,31696,,,,
1415066768.94658,pg_catalog,pg_authid,670,670,18948,18948,0,0,0,0,0,0,809,18809,3268,34628,,,,
1415066768.94658,pg_catalog,pg_default_acl,0,0,952,0,0,0,0,0,0,0,0,0,99,853,,,,
1415066768.94658,pg_catalog,pg_shdepend,0,0,1265,253,0,0,0,0,0,0,103,150,412,1321,,,,
1415066768.94658,pg_catalog,pg_constraint,0,0,88,40,48,0,40,0,10,40,26,249,48,464,0,0,0,0
1415066768.94658,pg_catalog,pg_index,3639,442715,93089,132306,202,0,174,0,143,3,3752,120798,3575,106288,,,,
1415066768.94658,pg_catalog,pg_ts_dict,0,0,0,0,0,0,0,0,0,0,0,0,0,0,,,,
1415066768.94658,pg_toast,pg_toast_2604,0,0,0,0,0,0,0,0,0,0,0,0,0,0,,,,
1415066768.94658,public,lineitem,29,1020239398,5666955,160606699,60165770,0,180117,0,59985495,180117,22002978,30271859,1665586,25763248,,,,
1415066768.94658,pg_toast,pg_toast_11732,0,0,0,0,0,0,0,0,0,0,0,0,0,0,,,,
1415066768.94658,pg_catalog,pg_proc,0,0,98983,145370,0,0,0,0,0,0,11987,101656,9605,206317,0,0,0,0
1415066828.94709,pg_catalog,pg_attrdef,0,0,0,0,0,0,0,0,0,0,0,0,0,0,0,0,0,0
1415066828.94709,pg_catalog,pg_db_role_setting,0,0,42828,0,0,0,0,0,0,0,0,0,1002,41826,0,0,0,0
1415066828.94709,pg_catalog,pg_rowsecurity,0,0,0,0,0,0,0,0,0,0,0,0,0,0,,,,
1415066828.94709,pg_catalog,pg_description,0,0,1015,0,0,0,0,0,0,0,0,0,310,1949,0,0,0,0
1415066828.94709,pg_catalog,pg_foreign_data_wrapper,0,0,0,0,0,0,0,0,0,0,0,0,0,0,,,,
1415066828.94709,pg_catalog,pg_conversion,0,0,0,0,0,0,0,0,0,0,0,0,0,0,,,,
1415066828.94709,information_schema,sql_features,0,0,,,0,0,0,0,0,0,0,0,,,0,0,0,0
1415066828.94709,pg_catalog,pg_class,7120,1903707,340737,322674,441,135,403,130,337,96,8217,385876,8771,698522,,,,
1415066828.94709,pg_catalog,pg_opfamily,0,0,0,0,0,0,0,0,0,0,0,0,0,0,,,,
1415066828.94709,pg_catalog,pg_auth_members,0,0,0,0,0,0,0,0,0,0,0,0,0,0,,,,
1415066828.94709,pg_catalog,pg_operator,0,0,62511,288244,0,0,0,0,0,0,9628,194108,6623,132575,,,,
1415066828.94709,information_schema,sql_packages,0,0,,,0,0,0,0,0,0,0,0,,,0,0,0,0
1415066828.94709,pg_catalog,pg_attribute,814,5550,238521,479485,1760,60,1582,37,2514,382,11825,258848,5504,490779,,,,
1415066828.94709,pg_catalog,pg_tablespace,2,4,7373,7373,0,0,0,0,0,0,833,6542,1682,13100,,,,
1415066828.94709,pg_catalog,pg_statistic,0,0,51462,46868,430,969,364,649,467,74,6248,43983,2749,109232,5363,21817,597,31887
1415066828.94709,pg_catalog,pg_aggregate,0,0,4182,4182,0,0,0,0,0,0,854,3328,1742,5676,,,,
1415066828.94709,pg_catalog,pg_inherits,0,0,229,0,0,0,0,0,0,0,0,0,106,123,,,,
1415066828.94709,information_schema,sql_sizing,0,0,,,0,0,0,0,0,0,0,0,,,0,0,0,0
1415066828.94709,pg_catalog,pg_enum,0,0,0,0,0,0,0,0,0,0,0,0,0,0,,,,
1415066828.94709,pg_toast,pg_toast_2396,0,0,0,0,0,0,0,0,0,0,0,0,0,0,,,,
1415066828.94709,pg_catalog,pg_pltemplate,0,0,0,0,0,0,0,0,0,0,0,0,0,0,,,,
1415066828.94709,pg_toast,pg_toast_2618,0,0,3161,10108,0,0,0,0,0,0,1268,2554,442,4630,,,,
1415066828.94709,public,partsupp,13,56000000,90892,4626270,8000000,0,0,0,8000000,0,1354048,5151282,61668,224114,,,,
1415066828.94709,pg_toast,pg_toast_3596,0,0,0,0,0,0,0,0,0,0,0,0,0,0,,,,
1415066828.94709,pg_toast,pg_toast_11747,0,0,0,0,0,0,0,0,0,0,0,0,0,0,,,,
1415066828.94709,pg_toast,pg_toast_11727,0,0,0,0,0,0,0,0,0,0,0,0,0,0,,,,
1415066828.94709,pg_toast,pg_toast_2606,0,0,0,0,0,0,0,0,0,0,0,0,0,0,,,,
1415066828.94709,public,supplier,21,1000000,6579658,6669645,100000,0,0,0,100000,0,14957,6610292,956,13194668,,,,
1415066828.94709,pg_toast,pg_toast_2964,0,0,0,0,0,0,0,0,0,0,0,0,0,0,,,,
1415066828.94709,pg_catalog,pg_database,1895,7442,38673,38671,1,0,0,0,1,0,684,39883,4212,55854,,,,
1415066828.94709,information_schema,sql_parts,0,0,,,0,0,0,0,0,0,0,0,,,0,0,0,0
1415066828.94709,pg_toast,pg_toast_2620,0,0,0,0,0,0,0,0,0,0,0,0,0,0,,,,
1415066828.94709,pg_toast,pg_toast_11737,0,0,0,0,0,0,0,0,0,0,0,0,0,0,,,,
1415066828.94709,pg_catalog,pg_depend,0,0,9775,10478,1825,0,1735,0,6685,364,1469,11741,2424,25559,,,,
1415066828.94709,public,time_statistics,47,1308,,,53,47,0,47,53,47,5,143,,,,,,
1415066828.94709,pg_catalog,pg_language,0,0,0,0,0,0,0,0,0,0,0,0,0,0,,,,
1415066828.94709,information_schema,sql_implementation_info,0,0,,,0,0,0,0,0,0,0,0,,,0,0,0,0
1415066828.94709,public,customer,25,19500000,163,2072012,1500000,0,0,0,1500000,0,318934,868056,6471,525,,,,
1415066828.94709,public,nation,54,525,51760,51808,25,0,0,0,25,0,9,51774,21,51782,,,,
1415066828.94709,public,region,12910,64480,38,38,5,0,0,0,5,0,6,12930,12,40,,,,
1415066828.94709,pg_catalog,pg_amproc,148,296,38431,59884,0,0,0,0,0,0,1112,37034,3006,83932,,,,
1415066828.94709,pg_catalog,pg_collation,0,0,0,0,0,0,0,0,0,0,0,0,0,0,,,,
1415066828.94709,pg_catalog,pg_range,0,0,1654,0,0,0,0,0,0,0,0,0,1510,1798,,,,
1415066828.94709,pg_toast,pg_toast_2609,0,0,0,0,0,0,0,0,0,0,0,0,0,0,,,,
1415066828.94709,pg_catalog,pg_opclass,148,148,50788,581080,0,0,0,0,0,0,2347,225421,3421,61916,,,,
1415066828.94709,pg_toast,pg_toast_11752,0,0,0,0,0,0,0,0,0,0,0,0,0,0,,,,
1415066828.94709,pg_catalog,pg_rewrite,0,0,5125,4768,119,0,119,0,110,43,1551,3980,756,8008,1268,2554,884,9260
1415066828.94709,pg_toast,pg_toast_1255,0,0,0,0,0,0,0,0,0,0,0,0,0,0,,,,
1415066828.94709,pg_catalog,pg_seclabel,0,0,1015,0,0,0,0,0,0,0,0,0,102,913,0,0,0,0
1415066828.94709,information_schema,sql_languages,0,0,,,0,0,0,0,0,0,0,0,,,0,0,0,0
1415066828.94709,pg_catalog,pg_ts_parser,0,0,0,0,0,0,0,0,0,0,0,0,0,0,,,,
1415066828.94709,pg_catalog,pg_trigger,0,0,0,0,0,0,0,0,0,0,0,0,0,0,0,0,0,0
1415066828.94709,pg_catalog,pg_shseclabel,0,0,0,0,0,0,0,0,0,0,0,0,0,0,,,,
1415066828.94709,pg_catalog,pg_event_trigger,0,0,467,0,0,0,0,0,0,0,0,0,104,363,,,,
1415066828.94709,pg_toast,pg_toast_11742,0,0,0,0,0,0,0,0,0,0,0,0,0,0,,,,
1415066828.94709,pg_catalog,pg_foreign_table,0,0,0,0,0,0,0,0,0,0,0,0,0,0,,,,
1415066828.94709,information_schema,sql_sizing_profiles,0,0,,,0,0,0,0,0,0,0,0,,,0,0,0,0
1415066828.94709,pg_catalog,pg_extension,0,0,0,0,0,0,0,0,0,0,0,0,0,0,,,,
1415066828.94709,pg_catalog,pg_ts_config,0,0,0,0,0,0,0,0,0,0,0,0,0,0,,,,
1415066828.94709,pg_catalog,pg_shdescription,0,0,0,0,0,0,0,0,0,0,0,0,0,0,0,0,0,0
1415066828.94709,pg_catalog,pg_cast,0,0,270303,69484,0,0,0,0,0,0,1467,68017,1607,277888,,,,
1415066828.94709,pg_catalog,pg_amop,0,0,78692,110992,0,0,0,0,0,0,3026,107966,5113,164433,,,,
1415066828.94709,public,part,16,20000000,175,6671356,2000000,0,0,0,2000000,0,346038,456501,21108,3044,,,,
1415066828.94709,pg_catalog,pg_user_mapping,0,0,0,0,0,0,0,0,0,0,0,0,0,0,,,,
1415066828.94709,public,orders,34,240165000,9942628,16219588,15045000,0,45000,0,15000000,45000,3067246,13221902,175115,30131238,,,,
1415066828.94709,pg_catalog,pg_type,0,0,209848,208129,472,0,453,0,360,91,3785,206386,4566,428568,,,,
1415066828.94709,pg_catalog,pg_largeobject,0,0,0,0,0,0,0,0,0,0,0,0,0,0,,,,
1415066828.94709,pg_catalog,pg_ts_config_map,0,0,0,0,0,0,0,0,0,0,0,0,0,0,,,,
1415066828.94709,pg_catalog,pg_largeobject_metadata,0,0,0,0,0,0,0,0,0,0,0,0,0,0,,,,
1415066828.94709,pg_catalog,pg_am,10278,10278,0,0,0,0,0,0,0,0,946,9332,0,0,,,,
1415066828.94709,pg_toast,pg_toast_11722,0,0,0,0,0,0,0,0,0,0,0,0,0,0,,,,
1415066828.94709,pg_catalog,pg_ts_template,0,0,0,0,0,0,0,0,0,0,0,0,0,0,,,,
1415066828.94709,pg_catalog,pg_foreign_server,0,0,0,0,0,0,0,0,0,0,0,0,0,0,,,,
1415066828.94709,pg_catalog,pg_namespace,1596,16718,71543,62099,14,0,0,0,14,0,833,62898,2143,80462,,,,
1415066828.94709,pg_toast,pg_toast_2619,0,0,16485,54636,1126,0,875,0,261,18,5363,21817,597,31887,,,,
1415066828.94709,pg_catalog,pg_authid,671,671,19000,19000,0,0,0,0,0,0,810,18861,3272,34728,,,,
1415066828.94709,pg_catalog,pg_default_acl,0,0,956,0,0,0,0,0,0,0,0,0,100,856,,,,
1415066828.94709,pg_catalog,pg_shdepend,0,0,1270,254,0,0,0,0,0,0,104,150,416,1324,,,,
1415066828.94709,pg_catalog,pg_constraint,0,0,88,40,48,0,40,0,10,40,26,249,48,464,0,0,0,0
1415066828.94709,pg_catalog,pg_index,3644,443430,93328,132642,202,0,174,0,143,3,3759,121141,3578,106564,,,,
1415066828.94709,pg_catalog,pg_ts_dict,0,0,0,0,0,0,0,0,0,0,0,0,0,0,,,,
1415066828.94709,pg_toast,pg_toast_2604,0,0,0,0,0,0,0,0,0,0,0,0,0,0,,,,
1415066828.94709,public,lineitem,31,1140330156,7753792,181333346,60165770,0,180117,0,59985495,180117,25540046,44046120,2167242,33715662,,,,
1415066828.94709,pg_toast,pg_toast_11732,0,0,0,0,0,0,0,0,0,0,0,0,0,0,,,,
1415066828.94709,pg_catalog,pg_proc,0,0,99217,145735,0,0,0,0,0,0,12034,101874,9625,206817,0,0,0,0
1415066888.95131,pg_catalog,pg_attrdef,0,0,0,0,0,0,0,0,0,0,0,0,0,0,0,0,0,0
1415066888.95131,pg_catalog,pg_db_role_setting,0,0,42952,0,0,0,0,0,0,0,0,0,1002,41950,0,0,0,0
1415066888.95131,pg_catalog,pg_rowsecurity,0,0,0,0,0,0,0,0,0,0,0,0,0,0,,,,
1415066888.95131,pg_catalog,pg_description,0,0,1015,0,0,0,0,0,0,0,0,0,310,1949,0,0,0,0
1415066888.95131,pg_catalog,pg_foreign_data_wrapper,0,0,0,0,0,0,0,0,0,0,0,0,0,0,,,,
1415066888.95131,pg_catalog,pg_conversion,0,0,0,0,0,0,0,0,0,0,0,0,0,0,,,,
1415066888.95131,information_schema,sql_features,0,0,,,0,0,0,0,0,0,0,0,,,0,0,0,0
1415066888.95131,pg_catalog,pg_class,7130,1906757,341512,323401,441,135,403,130,337,96,8222,386710,8775,700138,,,,
1415066888.95131,pg_catalog,pg_opfamily,0,0,0,0,0,0,0,0,0,0,0,0,0,0,,,,
1415066888.95131,pg_catalog,pg_auth_members,0,0,0,0,0,0,0,0,0,0,0,0,0,0,,,,
1415066888.95131,pg_catalog,pg_operator,0,0,62726,289493,0,0,0,0,0,0,9628,194972,6625,133051,,,,
1415066888.95131,information_schema,sql_packages,0,0,,,0,0,0,0,0,0,0,0,,,0,0,0,0
1415066888.95131,pg_catalog,pg_attribute,814,5550,239083,480647,1760,60,1582,37,2514,382,11837,259436,5506,491940,,,,
1415066888.95131,pg_catalog,pg_tablespace,2,4,7394,7394,0,0,0,0,0,0,833,6563,1682,13142,,,,
1415066888.95131,pg_catalog,pg_statistic,0,0,51611,47011,430,972,364,652,467,77,6261,44116,2751,109552,5411,21897,599,32082
1415066888.95131,pg_catalog,pg_aggregate,0,0,4195,4195,0,0,0,0,0,0,856,3339,1746,5695,,,,
1415066888.95131,pg_catalog,pg_inherits,0,0,229,0,0,0,0,0,0,0,0,0,106,123,,,,
1415066888.95131,information_schema,sql_sizing,0,0,,,0,0,0,0,0,0,0,0,,,0,0,0,0
1415066888.95131,pg_catalog,pg_enum,0,0,0,0,0,0,0,0,0,0,0,0,0,0,,,,
1415066888.95131,pg_toast,pg_toast_2396,0,0,0,0,0,0,0,0,0,0,0,0,0,0,,,,
1415066888.95131,pg_catalog,pg_pltemplate,0,0,0,0,0,0,0,0,0,0,0,0,0,0,,,,
1415066888.95131,pg_toast,pg_toast_2618,0,0,3166,10124,0,0,0,0,0,0,1273,2555,444,4636,,,,
1415066888.95131,public,partsupp,14,64000000,112629,4713206,8000000,0,0,0,8000000,0,1547108,5153399,75717,275644,,,,
1415066888.95131,pg_toast,pg_toast_3596,0,0,0,0,0,0,0,0,0,0,0,0,0,0,,,,
1415066888.95131,pg_toast,pg_toast_11747,0,0,0,0,0,0,0,0,0,0,0,0,0,0,,,,
1415066888.95131,pg_toast,pg_toast_11727,0,0,0,0,0,0,0,0,0,0,0,0,0,0,,,,
1415066888.95131,pg_toast,pg_toast_2606,0,0,0,0,0,0,0,0,0,0,0,0,0,0,,,,
1415066888.95131,public,supplier,22,1100000,6603556,6697607,100000,0,0,0,100000,0,15032,6638188,982,13242600,,,,
1415066888.95131,pg_toast,pg_toast_2964,0,0,0,0,0,0,0,0,0,0,0,0,0,0,,,,
1415066888.95131,pg_catalog,pg_database,1898,7454,38775,38773,1,0,0,0,1,0,684,39988,4212,56018,,,,
1415066888.95131,information_schema,sql_parts,0,0,,,0,0,0,0,0,0,0,0,,,0,0,0,0
1415066888.95131,pg_toast,pg_toast_2620,0,0,0,0,0,0,0,0,0,0,0,0,0,0,,,,
1415066888.95131,pg_toast,pg_toast_11737,0,0,0,0,0,0,0,0,0,0,0,0,0,0,,,,
1415066888.95131,pg_catalog,pg_depend,0,0,9775,10478,1825,0,1735,0,6685,364,1469,11741,2424,25559,,,,
1415066888.95131,public,time_statistics,56,1821,,,62,56,0,56,62,56,5,171,,,,,,
1415066888.95131,pg_catalog,pg_language,0,0,0,0,0,0,0,0,0,0,0,0,0,0,,,,
1415066888.95131,information_schema,sql_implementation_info,0,0,,,0,0,0,0,0,0,0,0,,,0,0,0,0
1415066888.95131,public,customer,25,19500000,197,3243521,1500000,0,0,0,1500000,0,354615,1193327,9729,582,,,,
1415066888.95131,public,nation,57,600,51777,51849,25,0,0,0,25,0,9,51794,23,51800,,,,
1415066888.95131,public,region,12912,64490,42,42,5,0,0,0,5,0,6,12936,14,44,,,,
1415066888.95131,pg_catalog,pg_amproc,148,296,38551,60068,0,0,0,0,0,0,1112,37150,3006,84205,,,,
1415066888.95131,pg_catalog,pg_collation,0,0,0,0,0,0,0,0,0,0,0,0,0,0,,,,
1415066888.95131,pg_catalog,pg_range,0,0,1664,0,0,0,0,0,0,0,0,0,1514,1814,,,,
1415066888.95131,pg_toast,pg_toast_2609,0,0,0,0,0,0,0,0,0,0,0,0,0,0,,,,
1415066888.95131,pg_catalog,pg_opclass,148,148,50925,582442,0,0,0,0,0,0,2347,225970,3423,62095,,,,
1415066888.95131,pg_toast,pg_toast_11752,0,0,0,0,0,0,0,0,0,0,0,0,0,0,,,,
1415066888.95131,pg_catalog,pg_rewrite,0,0,5132,4775,119,0,119,0,110,43,1556,3982,757,8019,1273,2555,888,9272
1415066888.95131,pg_toast,pg_toast_1255,0,0,0,0,0,0,0,0,0,0,0,0,0,0,,,,
1415066888.95131,pg_catalog,pg_seclabel,0,0,1015,0,0,0,0,0,0,0,0,0,102,913,0,0,0,0
1415066888.95131,information_schema,sql_languages,0,0,,,0,0,0,0,0,0,0,0,,,0,0,0,0
1415066888.95131,pg_catalog,pg_ts_parser,0,0,0,0,0,0,0,0,0,0,0,0,0,0,,,,
1415066888.95131,pg_catalog,pg_trigger,0,0,0,0,0,0,0,0,0,0,0,0,0,0,0,0,0,0
1415066888.95131,pg_catalog,pg_shseclabel,0,0,0,0,0,0,0,0,0,0,0,0,0,0,,,,
1415066888.95131,pg_catalog,pg_event_trigger,0,0,467,0,0,0,0,0,0,0,0,0,104,363,,,,
1415066888.95131,pg_toast,pg_toast_11742,0,0,0,0,0,0,0,0,0,0,0,0,0,0,,,,
1415066888.95131,pg_catalog,pg_foreign_table,0,0,0,0,0,0,0,0,0,0,0,0,0,0,,,,
1415066888.95131,information_schema,sql_sizing_profiles,0,0,,,0,0,0,0,0,0,0,0,,,0,0,0,0
1415066888.95131,pg_catalog,pg_extension,0,0,0,0,0,0,0,0,0,0,0,0,0,0,,,,
1415066888.95131,pg_catalog,pg_ts_config,0,0,0,0,0,0,0,0,0,0,0,0,0,0,,,,
1415066888.95131,pg_catalog,pg_shdescription,0,0,0,0,0,0,0,0,0,0,0,0,0,0,0,0,0,0
1415066888.95131,pg_catalog,pg_cast,0,0,271299,69694,0,0,0,0,0,0,1468,68226,1607,278917,,,,
1415066888.95131,pg_catalog,pg_amop,0,0,78909,111321,0,0,0,0,0,0,3026,108295,5116,164901,,,,
1415066888.95131,public,part,16,20000000,196,9006541,2000000,0,0,0,2000000,0,438284,459295,27584,3081,,,,
1415066888.95131,pg_catalog,pg_user_mapping,0,0,0,0,0,0,0,0,0,0,0,0,0,0,,,,
1415066888.95131,public,orders,37,285165000,10336318,18888878,15045000,0,45000,0,15000000,45000,3573221,14125710,222703,31273032,,,,
1415066888.95131,pg_catalog,pg_type,0,0,210650,208929,472,0,453,0,360,91,3785,207186,4570,430208,,,,
1415066888.95131,pg_catalog,pg_largeobject,0,0,0,0,0,0,0,0,0,0,0,0,0,0,,,,
1415066888.95131,pg_catalog,pg_ts_config_map,0,0,0,0,0,0,0,0,0,0,0,0,0,0,,,,
1415066888.95131,pg_catalog,pg_largeobject_metadata,0,0,0,0,0,0,0,0,0,0,0,0,0,0,,,,
1415066888.95131,pg_catalog,pg_am,10311,10311,0,0,0,0,0,0,0,0,946,9365,0,0,,,,
1415066888.95131,pg_toast,pg_toast_11722,0,0,0,0,0,0,0,0,0,0,0,0,0,0,,,,
1415066888.95131,pg_catalog,pg_ts_template,0,0,0,0,0,0,0,0,0,0,0,0,0,0,,,,
1415066888.95131,pg_catalog,pg_foreign_server,0,0,0,0,0,0,0,0,0,0,0,0,0,0,,,,
1415066888.95131,pg_catalog,pg_namespace,1598,16758,71780,62304,14,0,0,0,14,0,833,63105,2147,80730,,,,
1415066888.95131,pg_toast,pg_toast_2619,0,0,16576,54934,1126,0,875,0,261,18,5411,21897,599,32082,,,,
1415066888.95131,pg_catalog,pg_authid,672,672,19059,19059,0,0,0,0,0,0,810,18921,3272,34846,,,,
1415066888.95131,pg_catalog,pg_default_acl,0,0,956,0,0,0,0,0,0,0,0,0,100,856,,,,
1415066888.95131,pg_catalog,pg_shdepend,0,0,1270,254,0,0,0,0,0,0,104,150,416,1324,,,,
1415066888.95131,pg_catalog,pg_constraint,0,0,88,40,48,0,40,0,10,40,26,249,48,464,0,0,0,0
1415066888.95131,pg_catalog,pg_index,3649,444145,93586,133009,202,0,174,0,143,3,3759,121523,3579,106869,,,,
1415066888.95131,pg_catalog,pg_ts_dict,0,0,0,0,0,0,0,0,0,0,0,0,0,0,,,,
1415066888.95131,pg_toast,pg_toast_2604,0,0,0,0,0,0,0,0,0,0,0,0,0,0,,,,
1415066888.95131,public,lineitem,31,1140330156,8313569,209723485,60165770,0,180117,0,59985495,180117,27603995,48705335,2410610,35797440,,,,
1415066888.95131,pg_toast,pg_toast_11732,0,0,0,0,0,0,0,0,0,0,0,0,0,0,,,,
1415066888.95131,pg_catalog,pg_proc,0,0,99496,146129,0,0,0,0,0,0,12062,102152,9636,207428,0,0,0,0
1415066948.95469,pg_catalog,pg_attrdef,0,0,0,0,0,0,0,0,0,0,0,0,0,0,0,0,0,0
1415066948.95469,pg_catalog,pg_db_role_setting,0,0,43040,0,0,0,0,0,0,0,0,0,1002,42038,0,0,0,0
1415066948.95469,pg_catalog,pg_rowsecurity,0,0,0,0,0,0,0,0,0,0,0,0,0,0,,,,
1415066948.95469,pg_catalog,pg_description,0,0,1019,0,0,0,0,0,0,0,0,0,313,1955,0,0,0,0
1415066948.95469,pg_catalog,pg_foreign_data_wrapper,0,0,0,0,0,0,0,0,0,0,0,0,0,0,,,,
1415066948.95469,pg_catalog,pg_conversion,0,0,0,0,0,0,0,0,0,0,0,0,0,0,,,,
1415066948.95469,information_schema,sql_features,0,0,,,0,0,0,0,0,0,0,0,,,0,0,0,0
1415066948.95469,pg_catalog,pg_class,7141,1910144,342064,323931,442,136,404,131,337,98,8229,387362,8783,701284,,,,
1415066948.95469,pg_catalog,pg_opfamily,0,0,0,0,0,0,0,0,0,0,0,0,0,0,,,,
1415066948.95469,pg_catalog,pg_auth_members,0,0,0,0,0,0,0,0,0,0,0,0,0,0,,,,
1415066948.95469,pg_catalog,pg_operator,0,0,62818,289911,0,0,0,0,0,0,9628,195258,6626,133261,,,,
1415066948.95469,information_schema,sql_packages,0,0,,,0,0,0,0,0,0,0,0,,,0,0,0,0
1415066948.95469,pg_catalog,pg_attribute,814,5550,239471,481428,1762,60,1584,37,2514,383,11862,259828,5514,492739,,,,
1415066948.95469,pg_catalog,pg_tablespace,2,4,7409,7409,0,0,0,0,0,0,833,6578,1682,13172,,,,
1415066948.95469,pg_catalog,pg_statistic,0,0,51689,47080,430,972,364,652,467,77,6270,44176,2754,109720,5434,21933,599,32173
1415066948.95469,pg_catalog,pg_aggregate,0,0,4203,4203,0,0,0,0,0,0,856,3347,1747,5707,,,,
1415066948.95469,pg_catalog,pg_inherits,0,0,230,0,0,0,0,0,0,0,0,0,107,123,,,,
1415066948.95469,information_schema,sql_sizing,0,0,,,0,0,0,0,0,0,0,0,,,0,0,0,0
1415066948.95469,pg_catalog,pg_enum,0,0,0,0,0,0,0,0,0,0,0,0,0,0,,,,
1415066948.95469,pg_toast,pg_toast_2396,0,0,0,0,0,0,0,0,0,0,0,0,0,0,,,,
1415066948.95469,pg_catalog,pg_pltemplate,0,0,0,0,0,0,0,0,0,0,0,0,0,0,,,,
1415066948.95469,pg_toast,pg_toast_2618,0,0,3172,10142,0,0,0,0,0,0,1279,2556,448,4642,,,,
1415066948.95469,public,partsupp,14,64000000,112629,4713206,8000000,0,0,0,8000000,0,1547108,5153399,75717,275644,,,,
1415066948.95469,pg_toast,pg_toast_3596,0,0,0,0,0,0,0,0,0,0,0,0,0,0,,,,
1415066948.95469,pg_toast,pg_toast_11747,0,0,0,0,0,0,0,0,0,0,0,0,0,0,,,,
1415066948.95469,pg_toast,pg_toast_11727,0,0,0,0,0,0,0,0,0,0,0,0,0,0,,,,
1415066948.95469,pg_toast,pg_toast_2606,0,0,0,0,0,0,0,0,0,0,0,0,0,0,,,,
1415066948.95469,public,supplier,23,1200000,6603561,6758593,100000,0,0,0,100000,0,18485,6638413,1151,13242613,,,,
1415066948.95469,pg_toast,pg_toast_2964,0,0,0,0,0,0,0,0,0,0,0,0,0,0,,,,
1415066948.95469,pg_catalog,pg_database,1901,7466,38850,38848,1,0,0,0,1,0,684,40066,4212,56137,,,,
1415066948.95469,information_schema,sql_parts,0,0,,,0,0,0,0,0,0,0,0,,,0,0,0,0
1415066948.95469,pg_toast,pg_toast_2620,0,0,0,0,0,0,0,0,0,0,0,0,0,0,,,,
1415066948.95469,pg_toast,pg_toast_11737,0,0,0,0,0,0,0,0,0,0,0,0,0,0,,,,
1415066948.95469,pg_catalog,pg_depend,0,0,9819,10530,1834,0,1744,0,6685,373,1484,11792,2445,25664,,,,
1415066948.95469,public,time_statistics,60,2075,,,66,60,0,60,66,1,5,183,,,,,,
1415066948.95469,pg_catalog,pg_language,0,0,0,0,0,0,0,0,0,0,0,0,0,0,,,,
1415066948.95469,information_schema,sql_implementation_info,0,0,,,0,0,0,0,0,0,0,0,,,0,0,0,0
1415066948.95469,public,customer,28,24000000,205,3243529,1500000,0,0,0,1500000,0,425121,1228663,9748,602,,,,
1415066948.95469,public,nation,59,650,51785,51857,25,0,0,0,25,0,10,51803,25,51807,,,,
1415066948.95469,public,region,12912,64490,42,42,5,0,0,0,5,0,6,12936,14,44,,,,
1415066948.95469,pg_catalog,pg_amproc,148,296,38620,60176,0,0,0,0,0,0,1112,37218,3006,84361,,,,
1415066948.95469,pg_catalog,pg_collation,0,0,0,0,0,0,0,0,0,0,0,0,0,0,,,,
1415066948.95469,pg_catalog,pg_range,0,0,1668,0,0,0,0,0,0,0,0,0,1516,1820,,,,
1415066948.95469,pg_toast,pg_toast_2609,0,0,0,0,0,0,0,0,0,0,0,0,0,0,,,,
1415066948.95469,pg_catalog,pg_opclass,148,148,51009,583341,0,0,0,0,0,0,2347,226330,3423,62205,,,,
1415066948.95469,pg_toast,pg_toast_11752,0,0,0,0,0,0,0,0,0,0,0,0,0,0,,,,
1415066948.95469,pg_catalog,pg_rewrite,0,0,5147,4787,120,0,120,0,110,44,1564,3990,762,8040,1279,2556,896,9284
1415066948.95469,pg_toast,pg_toast_1255,0,0,0,0,0,0,0,0,0,0,0,0,0,0,,,,
1415066948.95469,pg_catalog,pg_seclabel,0,0,1019,0,0,0,0,0,0,0,0,0,103,916,0,0,0,0
1415066948.95469,information_schema,sql_languages,0,0,,,0,0,0,0,0,0,0,0,,,0,0,0,0
1415066948.95469,pg_catalog,pg_ts_parser,0,0,0,0,0,0,0,0,0,0,0,0,0,0,,,,
1415066948.95469,pg_catalog,pg_trigger,0,0,0,0,0,0,0,0,0,0,0,0,0,0,0,0,0,0
1415066948.95469,pg_catalog,pg_shseclabel,0,0,0,0,0,0,0,0,0,0,0,0,0,0,,,,
1415066948.95469,pg_catalog,pg_event_trigger,0,0,468,0,0,0,0,0,0,0,0,0,105,363,,,,
1415066948.95469,pg_toast,pg_toast_11742,0,0,0,0,0,0,0,0,0,0,0,0,0,0,,,,
1415066948.95469,pg_catalog,pg_foreign_table,0,0,0,0,0,0,0,0,0,0,0,0,0,0,,,,
1415066948.95469,information_schema,sql_sizing_profiles,0,0,,,0,0,0,0,0,0,0,0,,,0,0,0,0
1415066948.95469,pg_catalog,pg_extension,0,0,0,0,0,0,0,0,0,0,0,0,0,0,,,,
1415066948.95469,pg_catalog,pg_ts_config,0,0,0,0,0,0,0,0,0,0,0,0,0,0,,,,
1415066948.95469,pg_catalog,pg_shdescription,0,0,0,0,0,0,0,0,0,0,0,0,0,0,0,0,0,0
1415066948.95469,pg_catalog,pg_cast,0,0,271750,69821,0,0,0,0,0,0,1468,68353,1607,279387,,,,
1415066948.95469,pg_catalog,pg_amop,0,0,79039,111512,0,0,0,0,0,0,3026,108486,5117,165184,,,,
1415066948.95469,public,part,16,20000000,196,9006541,2000000,0,0,0,2000000,0,438284,459295,27584,3081,,,,
1415066948.95469,pg_catalog,pg_user_mapping,0,0,0,0,0,0,0,0,0,0,0,0,0,0,,,,
1415066948.95469,public,orders,40,330165000,10336322,18888882,15045000,0,45000,0,15000000,45000,4027083,14433936,222713,31273043,,,,
1415066948.95469,pg_catalog,pg_type,0,0,211064,209334,474,0,455,0,360,93,3790,207595,4575,431062,,,,
1415066948.95469,pg_catalog,pg_largeobject,0,0,0,0,0,0,0,0,0,0,0,0,0,0,,,,
1415066948.95469,pg_catalog,pg_ts_config_map,0,0,0,0,0,0,0,0,0,0,0,0,0,0,,,,
1415066948.95469,pg_catalog,pg_largeobject_metadata,0,0,0,0,0,0,0,0,0,0,0,0,0,0,,,,
1415066948.95469,pg_catalog,pg_am,10329,10329,0,0,0,0,0,0,0,0,946,9383,0,0,,,,
1415066948.95469,pg_toast,pg_toast_11722,0,0,0,0,0,0,0,0,0,0,0,0,0,0,,,,
1415066948.95469,pg_catalog,pg_ts_template,0,0,0,0,0,0,0,0,0,0,0,0,0,0,,,,
1415066948.95469,pg_catalog,pg_foreign_server,0,0,0,0,0,0,0,0,0,0,0,0,0,0,,,,
1415066948.95469,pg_catalog,pg_namespace,1600,16798,71979,62484,14,0,0,0,14,0,833,63287,2149,80949,,,,
1415066948.95469,pg_toast,pg_toast_2619,0,0,16616,55080,1126,0,875,0,261,18,5434,21933,599,32173,,,,
1415066948.95469,pg_catalog,pg_authid,673,673,19099,19099,0,0,0,0,0,0,810,18962,3272,34926,,,,
1415066948.95469,pg_catalog,pg_default_acl,0,0,960,0,0,0,0,0,0,0,0,0,101,859,,,,
1415066948.95469,pg_catalog,pg_shdepend,0,0,1275,255,0,0,0,0,0,0,105,150,420,1327,,,,
1415066948.95469,pg_catalog,pg_constraint,0,0,88,40,48,0,40,0,10,40,26,249,48,464,0,0,0,0
1415066948.95469,pg_catalog,pg_index,3654,444860,93736,133218,202,0,174,0,143,3,3759,121739,3579,107048,,,,
1415066948.95469,pg_catalog,pg_ts_dict,0,0,0,0,0,0,0,0,0,0,0,0,0,0,,,,
1415066948.95469,pg_toast,pg_toast_2604,0,0,0,0,0,0,0,0,0,0,0,0,0,0,,,,
1415066948.95469,public,lineitem,31,1140330156,9514265,215673537,60165770,0,180117,0,59985495,180117,28322085,49710857,2647715,40398210,,,,
1415066948.95469,pg_toast,pg_toast_11732,0,0,0,0,0,0,0,0,0,0,0,0,0,0,,,,
1415066948.95469,pg_catalog,pg_proc,0,0,99677,146402,0,0,0,0,0,0,12086,102342,9647,207817,0,0,0,0
1415067008.95512,pg_catalog,pg_attrdef,0,0,0,0,0,0,0,0,0,0,0,0,0,0,0,0,0,0
1415067008.95512,pg_catalog,pg_db_role_setting,0,0,43140,0,0,0,0,0,0,0,0,0,1002,42138,0,0,0,0
1415067008.95512,pg_catalog,pg_rowsecurity,0,0,0,0,0,0,0,0,0,0,0,0,0,0,,,,
1415067008.95512,pg_catalog,pg_description,0,0,1019,0,0,0,0,0,0,0,0,0,313,1955,0,0,0,0
1415067008.95512,pg_catalog,pg_foreign_data_wrapper,0,0,0,0,0,0,0,0,0,0,0,0,0,0,,,,
1415067008.95512,pg_catalog,pg_conversion,0,0,0,0,0,0,0,0,0,0,0,0,0,0,,,,
1415067008.95512,information_schema,sql_features,0,0,,,0,0,0,0,0,0,0,0,,,0,0,0,0
1415067008.95512,pg_catalog,pg_class,7150,1912857,342704,324536,442,136,404,131,337,98,8230,388066,8785,702611,,,,
1415067008.95512,pg_catalog,pg_opfamily,0,0,0,0,0,0,0,0,0,0,0,0,0,0,,,,
1415067008.95512,pg_catalog,pg_auth_members,0,0,0,0,0,0,0,0,0,0,0,0,0,0,,,,
1415067008.95512,pg_catalog,pg_operator,0,0,62971,290841,0,0,0,0,0,0,9628,195892,6627,133596,,,,
1415067008.95512,information_schema,sql_packages,0,0,,,0,0,0,0,0,0,0,0,,,0,0,0,0
1415067008.95512,pg_catalog,pg_attribute,814,5550,239918,482306,1762,60,1584,37,2514,383,11869,260295,5515,493660,,,,
1415067008.95512,pg_catalog,pg_tablespace,2,4,7426,7426,0,0,0,0,0,0,833,6595,1682,13206,,,,
1415067008.95512,pg_catalog,pg_statistic,0,0,51807,47194,430,972,364,652,467,77,6278,44282,2755,109970,5482,22003,599,32326
1415067008.95512,pg_catalog,pg_aggregate,0,0,4210,4210,0,0,0,0,0,0,856,3354,1747,5721,,,,
1415067008.95512,pg_catalog,pg_inherits,0,0,230,0,0,0,0,0,0,0,0,0,107,123,,,,
1415067008.95512,information_schema,sql_sizing,0,0,,,0,0,0,0,0,0,0,0,,,0,0,0,0
1415067008.95512,pg_catalog,pg_enum,0,0,0,0,0,0,0,0,0,0,0,0,0,0,,,,
1415067008.95512,pg_toast,pg_toast_2396,0,0,0,0,0,0,0,0,0,0,0,0,0,0,,,,
1415067008.95512,pg_catalog,pg_pltemplate,0,0,0,0,0,0,0,0,0,0,0,0,0,0,,,,
1415067008.95512,pg_toast,pg_toast_2618,0,0,3176,10156,0,0,0,0,0,0,1283,2557,448,4648,,,,
1415067008.95512,public,partsupp,14,64000000,138907,6325894,8000000,0,0,0,8000000,0,1718061,6576569,95723,338976,,,,
1415067008.95512,pg_toast,pg_toast_3596,0,0,0,0,0,0,0,0,0,0,0,0,0,0,,,,
1415067008.95512,pg_toast,pg_toast_11747,0,0,0,0,0,0,0,0,0,0,0,0,0,0,,,,
1415067008.95512,pg_toast,pg_toast_11727,0,0,0,0,0,0,0,0,0,0,0,0,0,0,,,,
1415067008.95512,pg_toast,pg_toast_2606,0,0,0,0,0,0,0,0,0,0,0,0,0,0,,,,
1415067008.95512,public,supplier,25,1300000,6653400,6808432,100000,0,0,0,100000,0,20664,6688252,1429,13342316,,,,
1415067008.95512,pg_toast,pg_toast_2964,0,0,0,0,0,0,0,0,0,0,0,0,0,0,,,,
1415067008.95512,pg_catalog,pg_database,1904,7478,38934,38932,1,0,0,0,1,0,684,40153,4212,56271,,,,
1415067008.95512,information_schema,sql_parts,0,0,,,0,0,0,0,0,0,0,0,,,0,0,0,0
1415067008.95512,pg_toast,pg_toast_2620,0,0,0,0,0,0,0,0,0,0,0,0,0,0,,,,
1415067008.95512,pg_toast,pg_toast_11737,0,0,0,0,0,0,0,0,0,0,0,0,0,0,,,,
1415067008.95512,pg_catalog,pg_depend,0,0,9819,10530,1834,0,1744,0,6685,373,1484,11792,2445,25664,,,,
1415067008.95512,public,time_statistics,66,2486,,,72,66,0,66,72,7,5,201,,,,,,
1415067008.95512,pg_catalog,pg_language,0,0,0,0,0,0,0,0,0,0,0,0,0,0,,,,
1415067008.95512,information_schema,sql_implementation_info,0,0,,,0,0,0,0,0,0,0,0,,,0,0,0,0
1415067008.95512,public,customer,30,27000000,222,3543811,1500000,0,0,0,1500000,0,425121,1444631,10578,658,,,,
1415067008.95512,public,nation,63,750,77517,77589,25,0,0,0,25,0,11,77538,28,77539,,,,
1415067008.95512,public,region,19344,96645,48,48,5,0,0,0,5,0,7,19372,16,50,,,,
1415067008.95512,pg_catalog,pg_amproc,148,296,38703,60306,0,0,0,0,0,0,1112,37300,3006,84551,,,,
1415067008.95512,pg_catalog,pg_collation,0,0,0,0,0,0,0,0,0,0,0,0,0,0,,,,
1415067008.95512,pg_catalog,pg_range,0,0,1675,0,0,0,0,0,0,0,0,0,1518,1832,,,,
1415067008.95512,pg_toast,pg_toast_2609,0,0,0,0,0,0,0,0,0,0,0,0,0,0,,,,
1415067008.95512,pg_catalog,pg_opclass,148,148,51121,584635,0,0,0,0,0,0,2347,226842,3423,62348,,,,
1415067008.95512,pg_toast,pg_toast_11752,0,0,0,0,0,0,0,0,0,0,0,0,0,0,,,,
1415067008.95512,pg_catalog,pg_rewrite,0,0,5152,4792,120,0,120,0,110,44,1568,3991,762,8048,1283,2557,896,9296
1415067008.95512,pg_toast,pg_toast_1255,0,0,0,0,0,0,0,0,0,0,0,0,0,0,,,,
1415067008.95512,pg_catalog,pg_seclabel,0,0,1019,0,0,0,0,0,0,0,0,0,103,916,0,0,0,0
1415067008.95512,information_schema,sql_languages,0,0,,,0,0,0,0,0,0,0,0,,,0,0,0,0
1415067008.95512,pg_catalog,pg_ts_parser,0,0,0,0,0,0,0,0,0,0,0,0,0,0,,,,
1415067008.95512,pg_catalog,pg_trigger,0,0,0,0,0,0,0,0,0,0,0,0,0,0,0,0,0,0
1415067008.95512,pg_catalog,pg_shseclabel,0,0,0,0,0,0,0,0,0,0,0,0,0,0,,,,
1415067008.95512,pg_catalog,pg_event_trigger,0,0,468,0,0,0,0,0,0,0,0,0,105,363,,,,
1415067008.95512,pg_toast,pg_toast_11742,0,0,0,0,0,0,0,0,0,0,0,0,0,0,,,,
1415067008.95512,pg_catalog,pg_foreign_table,0,0,0,0,0,0,0,0,0,0,0,0,0,0,,,,
1415067008.95512,information_schema,sql_sizing_profiles,0,0,,,0,0,0,0,0,0,0,0,,,0,0,0,0
1415067008.95512,pg_catalog,pg_extension,0,0,0,0,0,0,0,0,0,0,0,0,0,0,,,,
1415067008.95512,pg_catalog,pg_ts_config,0,0,0,0,0,0,0,0,0,0,0,0,0,0,,,,
1415067008.95512,pg_catalog,pg_shdescription,0,0,0,0,0,0,0,0,0,0,0,0,0,0,0,0,0,0
1415067008.95512,pg_catalog,pg_cast,0,0,272515,69986,0,0,0,0,0,0,1468,68518,1607,280173,,,,
1415067008.95512,pg_catalog,pg_amop,0,0,79212,111774,0,0,0,0,0,0,3026,108748,5117,165552,,,,
1415067008.95512,public,part,17,22000000,224,11030071,2000000,0,0,0,2000000,0,478806,521028,34406,3690,,,,
1415067008.95512,pg_catalog,pg_user_mapping,0,0,0,0,0,0,0,0,0,0,0,0,0,0,,,,
1415067008.95512,public,orders,41,345165000,10731213,19857508,15045000,0,45000,0,15000000,45000,4287825,15050800,265647,32418502,,,,
1415067008.95512,pg_catalog,pg_type,0,0,211615,209885,474,0,455,0,360,93,3790,208146,4577,432186,,,,
1415067008.95512,pg_catalog,pg_largeobject,0,0,0,0,0,0,0,0,0,0,0,0,0,0,,,,
1415067008.95512,pg_catalog,pg_ts_config_map,0,0,0,0,0,0,0,0,0,0,0,0,0,0,,,,
1415067008.95512,pg_catalog,pg_largeobject_metadata,0,0,0,0,0,0,0,0,0,0,0,0,0,0,,,,
1415067008.95512,pg_catalog,pg_am,10353,10353,0,0,0,0,0,0,0,0,946,9407,0,0,,,,
1415067008.95512,pg_toast,pg_toast_11722,0,0,0,0,0,0,0,0,0,0,0,0,0,0,,,,
1415067008.95512,pg_catalog,pg_ts_template,0,0,0,0,0,0,0,0,0,0,0,0,0,0,,,,
1415067008.95512,pg_catalog,pg_foreign_server,0,0,0,0,0,0,0,0,0,0,0,0,0,0,,,,
1415067008.95512,pg_catalog,pg_namespace,1602,16838,72182,62666,14,0,0,0,14,0,833,63471,2151,81173,,,,
1415067008.95512,pg_toast,pg_toast_2619,0,0,16687,55341,1126,0,875,0,261,18,5482,22003,599,32326,,,,
1415067008.95512,pg_catalog,pg_authid,674,674,19145,19145,0,0,0,0,0,0,810,19009,3272,35018,,,,
1415067008.95512,pg_catalog,pg_default_acl,0,0,960,0,0,0,0,0,0,0,0,0,101,859,,,,
1415067008.95512,pg_catalog,pg_shdepend,0,0,1275,255,0,0,0,0,0,0,105,150,420,1327,,,,
1415067008.95512,pg_catalog,pg_constraint,0,0,88,40,48,0,40,0,10,40,26,249,48,464,0,0,0,0
1415067008.95512,pg_catalog,pg_index,3659,445575,93926,133491,202,0,174,0,143,3,3759,122032,3579,107271,,,,
1415067008.95512,pg_catalog,pg_ts_dict,0,0,0,0,0,0,0,0,0,0,0,0,0,0,,,,
1415067008.95512,pg_toast,pg_toast_2604,0,0,0,0,0,0,0,0,0,0,0,0,0,0,,,,
1415067008.95512,public,lineitem,33,1260301462,9536993,231597032,60165770,0,180117,0,59985495,180117,30421910,51664275,2712371,40470641,,,,
1415067008.95512,pg_toast,pg_toast_11732,0,0,0,0,0,0,0,0,0,0,0,0,0,0,,,,
1415067008.95512,pg_catalog,pg_proc,0,0,99880,146688,0,0,0,0,0,0,12098,102551,9650,208262,0,0,0,0
1415067068.95886,pg_catalog,pg_attrdef,0,0,0,0,0,0,0,0,0,0,0,0,0,0,0,0,0,0
1415067068.95886,pg_catalog,pg_db_role_setting,0,0,43192,0,0,0,0,0,0,0,0,0,1003,42189,0,0,0,0
1415067068.95886,pg_catalog,pg_rowsecurity,0,0,0,0,0,0,0,0,0,0,0,0,0,0,,,,
1415067068.95886,pg_catalog,pg_description,0,0,1019,0,0,0,0,0,0,0,0,0,313,1955,0,0,0,0
1415067068.95886,pg_catalog,pg_foreign_data_wrapper,0,0,0,0,0,0,0,0,0,0,0,0,0,0,,,,
1415067068.95886,pg_catalog,pg_conversion,0,0,0,0,0,0,0,0,0,0,0,0,0,0,,,,
1415067068.95886,information_schema,sql_features,0,0,,,0,0,0,0,0,0,0,0,,,0,0,0,0
1415067068.95886,pg_catalog,pg_class,7161,1916244,343172,324992,442,136,404,131,337,98,8245,388629,8799,703564,,,,
1415067068.95886,pg_catalog,pg_opfamily,0,0,0,0,0,0,0,0,0,0,0,0,0,0,,,,
1415067068.95886,pg_catalog,pg_auth_members,0,0,0,0,0,0,0,0,0,0,0,0,0,0,,,,
1415067068.95886,pg_catalog,pg_operator,0,0,63026,291113,0,0,0,0,0,0,9642,196067,6634,133719,,,,
1415067068.95886,information_schema,sql_packages,0,0,,,0,0,0,0,0,0,0,0,,,0,0,0,0
1415067068.95886,pg_catalog,pg_attribute,814,5550,240236,482903,1762,60,1584,37,2514,383,11898,260598,5525,494303,,,,
1415067068.95886,pg_catalog,pg_tablespace,2,4,7435,7435,0,0,0,0,0,0,834,6603,1684,13222,,,,
1415067068.95886,pg_catalog,pg_statistic,0,0,51869,47248,430,972,364,652,467,77,6291,44323,2761,110099,5497,22030,603,32389
1415067068.95886,pg_catalog,pg_aggregate,0,0,4215,4215,0,0,0,0,0,0,857,3358,1749,5727,,,,
1415067068.95886,pg_catalog,pg_inherits,0,0,230,0,0,0,0,0,0,0,0,0,107,123,,,,
1415067068.95886,information_schema,sql_sizing,0,0,,,0,0,0,0,0,0,0,0,,,0,0,0,0
1415067068.95886,pg_catalog,pg_enum,0,0,0,0,0,0,0,0,0,0,0,0,0,0,,,,
1415067068.95886,pg_toast,pg_toast_2396,0,0,0,0,0,0,0,0,0,0,0,0,0,0,,,,
1415067068.95886,pg_catalog,pg_pltemplate,0,0,0,0,0,0,0,0,0,0,0,0,0,0,,,,
1415067068.95886,pg_toast,pg_toast_2618,0,0,3182,10174,0,0,0,0,0,0,1289,2558,451,4655,,,,
1415067068.95886,public,partsupp,15,72000000,138923,6325910,8000000,0,0,0,8000000,0,1841423,6624181,95725,339024,,,,
1415067068.95886,pg_toast,pg_toast_3596,0,0,0,0,0,0,0,0,0,0,0,0,0,0,,,,
1415067068.95886,pg_toast,pg_toast_11747,0,0,0,0,0,0,0,0,0,0,0,0,0,0,,,,
1415067068.95886,pg_toast,pg_toast_11727,0,0,0,0,0,0,0,0,0,0,0,0,0,0,,,,
1415067068.95886,pg_toast,pg_toast_2606,0,0,0,0,0,0,0,0,0,0,0,0,0,0,,,,
1415067068.95886,public,supplier,25,1300000,9915207,10070239,100000,0,0,0,100000,0,20664,9950059,1429,19883544,,,,
1415067068.95886,pg_toast,pg_toast_2964,0,0,0,0,0,0,0,0,0,0,0,0,0,0,,,,
1415067068.95886,pg_catalog,pg_database,1907,7490,38982,38980,1,0,0,0,1,0,684,40204,4216,56341,,,,
1415067068.95886,information_schema,sql_parts,0,0,,,0,0,0,0,0,0,0,0,,,0,0,0,0
1415067068.95886,pg_toast,pg_toast_2620,0,0,0,0,0,0,0,0,0,0,0,0,0,0,,,,
1415067068.95886,pg_toast,pg_toast_11737,0,0,0,0,0,0,0,0,0,0,0,0,0,0,,,,
1415067068.95886,pg_catalog,pg_depend,0,0,9819,10530,1834,0,1744,0,6685,373,1484,11792,2445,25664,,,,
1415067068.95886,public,time_statistics,68,2631,,,74,68,0,68,74,9,6,206,,,,,,
1415067068.95886,pg_catalog,pg_language,0,0,0,0,0,0,0,0,0,0,0,0,0,0,,,,
1415067068.95886,information_schema,sql_implementation_info,0,0,,,0,0,0,0,0,0,0,0,,,0,0,0,0
1415067068.95886,public,customer,30,27000000,238,4116156,1500000,0,0,0,1500000,0,460399,1479806,12178,675,,,,
1415067068.95886,public,nation,64,775,77519,77591,25,0,0,0,25,0,11,77541,28,77542,,,,
1415067068.95886,public,region,19344,96645,48,48,5,0,0,0,5,0,7,19372,16,50,,,,
1415067068.95886,pg_catalog,pg_amproc,148,296,38753,60381,0,0,0,0,0,0,1113,37348,3009,84660,,,,
1415067068.95886,pg_catalog,pg_collation,0,0,0,0,0,0,0,0,0,0,0,0,0,0,,,,
1415067068.95886,pg_catalog,pg_range,0,0,1677,0,0,0,0,0,0,0,0,0,1520,1834,,,,
1415067068.95886,pg_toast,pg_toast_2609,0,0,0,0,0,0,0,0,0,0,0,0,0,0,,,,
1415067068.95886,pg_catalog,pg_opclass,148,148,51173,585178,0,0,0,0,0,0,2350,227055,3427,62414,,,,
1415067068.95886,pg_toast,pg_toast_11752,0,0,0,0,0,0,0,0,0,0,0,0,0,0,,,,
1415067068.95886,pg_catalog,pg_rewrite,0,0,5161,4801,120,0,120,0,110,44,1574,3994,765,8061,1289,2558,902,9310
1415067068.95886,pg_toast,pg_toast_1255,0,0,0,0,0,0,0,0,0,0,0,0,0,0,,,,
1415067068.95886,pg_catalog,pg_seclabel,0,0,1019,0,0,0,0,0,0,0,0,0,103,916,0,0,0,0
1415067068.95886,information_schema,sql_languages,0,0,,,0,0,0,0,0,0,0,0,,,0,0,0,0
1415067068.95886,pg_catalog,pg_ts_parser,0,0,0,0,0,0,0,0,0,0,0,0,0,0,,,,
1415067068.95886,pg_catalog,pg_trigger,0,0,0,0,0,0,0,0,0,0,0,0,0,0,0,0,0,0
1415067068.95886,pg_catalog,pg_shseclabel,0,0,0,0,0,0,0,0,0,0,0,0,0,0,,,,
1415067068.95886,pg_catalog,pg_event_trigger,0,0,468,0,0,0,0,0,0,0,0,0,105,363,,,,
1415067068.95886,pg_toast,pg_toast_11742,0,0,0,0,0,0,0,0,0,0,0,0,0,0,,,,
1415067068.95886,pg_catalog,pg_foreign_table,0,0,0,0,0,0,0,0,0,0,0,0,0,0,,,,
1415067068.95886,information_schema,sql_sizing_profiles,0,0,,,0,0,0,0,0,0,0,0,,,0,0,0,0
1415067068.95886,pg_catalog,pg_extension,0,0,0,0,0,0,0,0,0,0,0,0,0,0,,,,
1415067068.95886,pg_catalog,pg_ts_config,0,0,0,0,0,0,0,0,0,0,0,0,0,0,,,,
1415067068.95886,pg_catalog,pg_shdescription,0,0,0,0,0,0,0,0,0,0,0,0,0,0,0,0,0,0
1415067068.95886,pg_catalog,pg_cast,0,0,272839,70068,0,0,0,0,0,0,1470,68598,1609,280508,,,,
1415067068.95886,pg_catalog,pg_amop,0,0,79308,111911,0,0,0,0,0,0,3030,108881,5123,165756,,,,
1415067068.95886,public,part,18,24000000,232,11030079,2000000,0,0,0,2000000,0,478806,561558,34406,3719,,,,
1415067068.95886,pg_catalog,pg_user_mapping,0,0,0,0,0,0,0,0,0,0,0,0,0,0,,,,
1415067068.95886,public,orders,42,360165000,13993014,23119309,15045000,0,45000,0,15000000,45000,4584722,18269732,265745,42221614,,,,
1415067068.95886,pg_catalog,pg_type,0,0,211914,210184,474,0,455,0,360,93,3794,208441,4581,432794,,,,
1415067068.95886,pg_catalog,pg_largeobject,0,0,0,0,0,0,0,0,0,0,0,0,0,0,,,,
1415067068.95886,pg_catalog,pg_ts_config_map,0,0,0,0,0,0,0,0,0,0,0,0,0,0,,,,
1415067068.95886,pg_catalog,pg_largeobject_metadata,0,0,0,0,0,0,0,0,0,0,0,0,0,0,,,,
1415067068.95886,pg_catalog,pg_am,10365,10365,0,0,0,0,0,0,0,0,947,9418,0,0,,,,
1415067068.95886,pg_toast,pg_toast_11722,0,0,0,0,0,0,0,0,0,0,0,0,0,0,,,,
1415067068.95886,pg_catalog,pg_ts_template,0,0,0,0,0,0,0,0,0,0,0,0,0,0,,,,
1415067068.95886,pg_catalog,pg_foreign_server,0,0,0,0,0,0,0,0,0,0,0,0,0,0,,,,
1415067068.95886,pg_catalog,pg_namespace,1604,16878,72363,62834,14,0,0,0,14,0,834,63640,2155,81365,,,,
1415067068.95886,pg_toast,pg_toast_2619,0,0,16717,55434,1126,0,875,0,261,18,5497,22030,603,32389,,,,
1415067068.95886,pg_catalog,pg_authid,675,675,19167,19167,0,0,0,0,0,0,811,19031,3276,35058,,,,
1415067068.95886,pg_catalog,pg_default_acl,0,0,960,0,0,0,0,0,0,0,0,0,101,859,,,,
1415067068.95886,pg_catalog,pg_shdepend,0,0,1275,255,0,0,0,0,0,0,105,150,420,1327,,,,
1415067068.95886,pg_catalog,pg_constraint,0,0,88,40,48,0,40,0,10,40,26,249,48,464,0,0,0,0
1415067068.95886,pg_catalog,pg_index,3664,446290,94030,133634,202,0,174,0,143,3,3766,122183,3583,107392,,,,
1415067068.95886,pg_catalog,pg_ts_dict,0,0,0,0,0,0,0,0,0,0,0,0,0,0,,,,
1415067068.95886,pg_toast,pg_toast_2604,0,0,0,0,0,0,0,0,0,0,0,0,0,0,,,,
1415067068.95886,public,lineitem,33,1260301462,9972131,244644238,60165770,0,180117,0,59985495,180117,31697256,63445453,2817505,42172575,,,,
1415067068.95886,pg_toast,pg_toast_11732,0,0,0,0,0,0,0,0,0,0,0,0,0,0,,,,
1415067068.95886,pg_catalog,pg_proc,0,0,100018,146906,0,0,0,0,0,0,12121,102701,9667,208547,0,0,0,0
1415067128.9613,pg_catalog,pg_attrdef,0,0,0,0,0,0,0,0,0,0,0,0,0,0,0,0,0,0
1415067128.9613,pg_catalog,pg_db_role_setting,0,0,43256,0,0,0,0,0,0,0,0,0,1003,42253,0,0,0,0
1415067128.9613,pg_catalog,pg_rowsecurity,0,0,0,0,0,0,0,0,0,0,0,0,0,0,,,,
1415067128.9613,pg_catalog,pg_description,0,0,1019,0,0,0,0,0,0,0,0,0,313,1955,0,0,0,0
1415067128.9613,pg_catalog,pg_foreign_data_wrapper,0,0,0,0,0,0,0,0,0,0,0,0,0,0,,,,
1415067128.9613,pg_catalog,pg_conversion,0,0,0,0,0,0,0,0,0,0,0,0,0,0,,,,
1415067128.9613,information_schema,sql_features,0,0,,,0,0,0,0,0,0,0,0,,,0,0,0,0
1415067128.9613,pg_catalog,pg_class,7170,1918957,343632,325438,442,136,404,131,337,98,8246,389174,8800,704514,,,,
1415067128.9613,pg_catalog,pg_opfamily,0,0,0,0,0,0,0,0,0,0,0,0,0,0,,,,
1415067128.9613,pg_catalog,pg_auth_members,0,0,0,0,0,0,0,0,0,0,0,0,0,0,,,,
1415067128.9613,pg_catalog,pg_operator,0,0,63101,291538,0,0,0,0,0,0,9642,196362,6635,133886,,,,
1415067128.9613,information_schema,sql_packages,0,0,,,0,0,0,0,0,0,0,0,,,0,0,0,0
1415067128.9613,pg_catalog,pg_attribute,814,5550,240523,483431,1762,60,1584,37,2514,383,11908,260892,5527,494891,,,,
1415067128.9613,pg_catalog,pg_tablespace,2,4,7446,7446,0,0,0,0,0,0,834,6614,1684,13244,,,,
1415067128.9613,pg_catalog,pg_statistic,0,0,51924,47299,430,972,364,652,467,77,6297,44368,2762,110217,5516,22055,604,32451
1415067128.9613,pg_catalog,pg_aggregate,0,0,4222,4222,0,0,0,0,0,0,857,3365,1750,5737,,,,
1415067128.9613,pg_catalog,pg_inherits,0,0,230,0,0,0,0,0,0,0,0,0,107,123,,,,
1415067128.9613,information_schema,sql_sizing,0,0,,,0,0,0,0,0,0,0,0,,,0,0,0,0
1415067128.9613,pg_catalog,pg_enum,0,0,0,0,0,0,0,0,0,0,0,0,0,0,,,,
1415067128.9613,pg_toast,pg_toast_2396,0,0,0,0,0,0,0,0,0,0,0,0,0,0,,,,
1415067128.9613,pg_catalog,pg_pltemplate,0,0,0,0,0,0,0,0,0,0,0,0,0,0,,,,
1415067128.9613,pg_toast,pg_toast_2618,0,0,3186,10188,0,0,0,0,0,0,1293,2559,452,4660,,,,
1415067128.9613,public,partsupp,15,72000000,160424,6411908,8000000,0,0,0,8000000,0,1863283,6626264,109555,390050,,,,
1415067128.9613,pg_toast,pg_toast_3596,0,0,0,0,0,0,0,0,0,0,0,0,0,0,,,,
1415067128.9613,pg_toast,pg_toast_11747,0,0,0,0,0,0,0,0,0,0,0,0,0,0,,,,
1415067128.9613,pg_toast,pg_toast_11727,0,0,0,0,0,0,0,0,0,0,0,0,0,0,,,,
1415067128.9613,pg_toast,pg_toast_2606,0,0,0,0,0,0,0,0,0,0,0,0,0,0,,,,
1415067128.9613,public,supplier,25,1300000,9915208,10074213,100000,0,0,0,100000,0,20664,9951899,1445,19883544,,,,
1415067128.9613,pg_toast,pg_toast_2964,0,0,0,0,0,0,0,0,0,0,0,0,0,0,,,,
1415067128.9613,pg_catalog,pg_database,1910,7502,39039,39037,1,0,0,0,1,0,684,40264,4216,56430,,,,
1415067128.9613,information_schema,sql_parts,0,0,,,0,0,0,0,0,0,0,0,,,0,0,0,0
1415067128.9613,pg_toast,pg_toast_2620,0,0,0,0,0,0,0,0,0,0,0,0,0,0,,,,
1415067128.9613,pg_toast,pg_toast_11737,0,0,0,0,0,0,0,0,0,0,0,0,0,0,,,,
1415067128.9613,pg_catalog,pg_depend,0,0,9819,10530,1834,0,1744,0,6685,373,1484,11792,2445,25664,,,,
1415067128.9613,public,time_statistics,71,2856,,,77,71,0,71,77,12,6,215,,,,,,
1415067128.9613,pg_catalog,pg_language,0,0,0,0,0,0,0,0,0,0,0,0,0,0,,,,
1415067128.9613,information_schema,sql_implementation_info,0,0,,,0,0,0,0,0,0,0,0,,,0,0,0,0
1415067128.9613,public,customer,30,27000000,238,4116156,1500000,0,0,0,1500000,0,460399,1479806,12178,675,,,,
1415067128.9613,public,nation,65,800,77521,77593,25,0,0,0,25,0,12,77543,30,77543,,,,
1415067128.9613,public,region,19344,96645,48,48,5,0,0,0,5,0,7,19372,16,50,,,,
1415067128.9613,pg_catalog,pg_amproc,148,296,38796,60448,0,0,0,0,0,0,1113,37388,3009,84761,,,,
1415067128.9613,pg_catalog,pg_collation,0,0,0,0,0,0,0,0,0,0,0,0,0,0,,,,
1415067128.9613,pg_catalog,pg_range,0,0,1680,0,0,0,0,0,0,0,0,0,1520,1840,,,,
1415067128.9613,pg_toast,pg_toast_2609,0,0,0,0,0,0,0,0,0,0,0,0,0,0,,,,
1415067128.9613,pg_catalog,pg_opclass,148,148,51223,585638,0,0,0,0,0,0,2350,227241,3427,62484,,,,
1415067128.9613,pg_toast,pg_toast_11752,0,0,0,0,0,0,0,0,0,0,0,0,0,0,,,,
1415067128.9613,pg_catalog,pg_rewrite,0,0,5166,4806,120,0,120,0,110,44,1578,3995,766,8068,1293,2559,904,9320
1415067128.9613,pg_toast,pg_toast_1255,0,0,0,0,0,0,0,0,0,0,0,0,0,0,,,,
1415067128.9613,pg_catalog,pg_seclabel,0,0,1019,0,0,0,0,0,0,0,0,0,103,916,0,0,0,0
1415067128.9613,information_schema,sql_languages,0,0,,,0,0,0,0,0,0,0,0,,,0,0,0,0
1415067128.9613,pg_catalog,pg_ts_parser,0,0,0,0,0,0,0,0,0,0,0,0,0,0,,,,
1415067128.9613,pg_catalog,pg_trigger,0,0,0,0,0,0,0,0,0,0,0,0,0,0,0,0,0,0
1415067128.9613,pg_catalog,pg_shseclabel,0,0,0,0,0,0,0,0,0,0,0,0,0,0,,,,
1415067128.9613,pg_catalog,pg_event_trigger,0,0,468,0,0,0,0,0,0,0,0,0,105,363,,,,
1415067128.9613,pg_toast,pg_toast_11742,0,0,0,0,0,0,0,0,0,0,0,0,0,0,,,,
1415067128.9613,pg_catalog,pg_foreign_table,0,0,0,0,0,0,0,0,0,0,0,0,0,0,,,,
1415067128.9613,information_schema,sql_sizing_profiles,0,0,,,0,0,0,0,0,0,0,0,,,0,0,0,0
1415067128.9613,pg_catalog,pg_extension,0,0,0,0,0,0,0,0,0,0,0,0,0,0,,,,
1415067128.9613,pg_catalog,pg_ts_config,0,0,0,0,0,0,0,0,0,0,0,0,0,0,,,,
1415067128.9613,pg_catalog,pg_shdescription,0,0,0,0,0,0,0,0,0,0,0,0,0,0,0,0,0,0
1415067128.9613,pg_catalog,pg_cast,0,0,273125,70148,0,0,0,0,0,0,1470,68678,1609,280806,,,,
1415067128.9613,pg_catalog,pg_amop,0,0,79380,112016,0,0,0,0,0,0,3030,108986,5124,165912,,,,
1415067128.9613,public,part,18,24000000,235,13030081,2000000,0,0,0,2000000,0,519328,562312,39879,3724,,,,
1415067128.9613,pg_catalog,pg_user_mapping,0,0,0,0,0,0,0,0,0,0,0,0,0,0,,,,
1415067128.9613,public,orders,42,360165000,13993017,23686487,15045000,0,45000,0,15000000,45000,4620509,18462100,267298,42221623,,,,
1415067128.9613,pg_catalog,pg_type,0,0,212201,210471,474,0,455,0,360,93,3794,208728,4584,433380,,,,
1415067128.9613,pg_catalog,pg_largeobject,0,0,0,0,0,0,0,0,0,0,0,0,0,0,,,,
1415067128.9613,pg_catalog,pg_ts_config_map,0,0,0,0,0,0,0,0,0,0,0,0,0,0,,,,
1415067128.9613,pg_catalog,pg_largeobject_metadata,0,0,0,0,0,0,0,0,0,0,0,0,0,0,,,,
1415067128.9613,pg_catalog,pg_am,10380,10380,0,0,0,0,0,0,0,0,947,9433,0,0,,,,
1415067128.9613,pg_toast,pg_toast_11722,0,0,0,0,0,0,0,0,0,0,0,0,0,0,,,,
1415067128.9613,pg_catalog,pg_ts_template,0,0,0,0,0,0,0,0,0,0,0,0,0,0,,,,
1415067128.9613,pg_catalog,pg_foreign_server,0,0,0,0,0,0,0,0,0,0,0,0,0,0,,,,
1415067128.9613,pg_catalog,pg_namespace,1606,16918,72542,63001,14,0,0,0,14,0,834,63809,2157,81556,,,,
1415067128.9613,pg_toast,pg_toast_2619,0,0,16746,55536,1126,0,875,0,261,18,5516,22055,604,32451,,,,
1415067128.9613,pg_catalog,pg_authid,676,676,19195,19195,0,0,0,0,0,0,811,19060,3276,35114,,,,
1415067128.9613,pg_catalog,pg_default_acl,0,0,960,0,0,0,0,0,0,0,0,0,101,859,,,,
1415067128.9613,pg_catalog,pg_shdepend,0,0,1275,255,0,0,0,0,0,0,105,150,420,1327,,,,
1415067128.9613,pg_catalog,pg_constraint,0,0,88,40,48,0,40,0,10,40,26,249,48,464,0,0,0,0
1415067128.9613,pg_catalog,pg_index,3669,447005,94128,133771,202,0,174,0,143,3,3766,122345,3583,107511,,,,
1415067128.9613,pg_catalog,pg_ts_dict,0,0,0,0,0,0,0,0,0,0,0,0,0,0,,,,
1415067128.9613,pg_toast,pg_toast_2604,0,0,0,0,0,0,0,0,0,0,0,0,0,0,,,,
1415067128.9613,public,lineitem,34,1320287115,10625305,247744250,60165770,0,180117,0,59985495,180117,32541206,66771944,2946712,44670863,,,,
1415067128.9613,pg_toast,pg_toast_11732,0,0,0,0,0,0,0,0,0,0,0,0,0,0,,,,
1415067128.9613,pg_catalog,pg_proc,0,0,100154,147085,0,0,0,0,0,0,12133,102837,9672,208838,0,0,0,0
